公司全名,公司简称,公司规模,融资阶段,区域,职位名称,工作经验,学历要求,工资,职位福利
北京基调网络股份有限公司,听云,150-500人,上市公司,朝阳区,Python研发工程师,3-5年,本科,17k-24k,上市公司 带薪年假 地铁周边
爱笔（北京）智能科技有限公司,Aibee,50-150人,天使轮,海淀区,Python开发工程师,3-5年,本科,18k-36k,"初创公司,技术驱动"
北京智合大方科技有限公司,客知音,15-50人,A轮,东城区,python,不限,本科,20k-40k,人工智能；技术驱动；大牛带队；福利多多
北京东方车云信息技术有限公司,易到用车,500-2000人,D轮及以上,东城区,Python工程师,5-10年,本科,20k-35k,年底双薪 弹性上班
绫致时装（天津）有限公司,绫致时装（天津）有限公司,2000人以上,不需要融资,朝阳区,Python 开发工程师,5-10年,本科,18k-20k,发展前景好
乐飞天下信息技术(北京)有限公司,乐飞天下,50-150人,未融资,朝阳区,Python开发工程师,不限,大专,10k-20k,五险一金 带薪假 海外旅游 节假福利
掌阅科技股份有限公司,掌阅,500-2000人,上市公司,朝阳区,Python研发工程师（中高级）,3-5年,本科,15k-25k,"管理扁平化,发展机会佳,薪资待遇好"
轻易科技有限公司,轻易贷,2000人以上,上市公司,海淀区,Python开发工程师,3-5年,本科,15k-28k,"弹性工作制,扁平化管理,绩效奖金"
小叶子（北京）科技有限公司,The ONE,500-2000人,C轮,朝阳区,Python开发工程师,3-5年,本科,20k-30k,"五险一金,交通补助,午晚餐"
便利蜂商贸有限公司,便利蜂,2000人以上,不需要融资,朝阳区,python工程师(J11548),3-5年,本科,25k-40k,五险一金
北京天桐互动信息技术有限公司,天桐互动,15-50人,A轮,朝阳区,高级Python工程师,1-3年,本科,20k-35k,"期权激励,扁平化管理,五险一金,年底双薪"
北京国双科技有限公司,Gridsum 国双,500-2000人,上市公司,海淀区,Python研发工程师,1-3年,本科,15k-25k,"六险一金,节日福利,带薪休假,餐补"
达而观信息科技（上海）有限公司,达观数据,50-150人,B轮,海淀区,Python高级开发工程师,3-5年,本科,18k-36k,"团队技术强,发展空间大,人工智能"
北京右划网络科技有限公司,右划,50-150人,A轮,朝阳区,高级python开发工程师,3-5年,本科,30k-60k,"短视频,大牛云集,工程师文化,一年15薪"
北京智水互娱科技有限公司,智水互娱,15-50人,不需要融资,东城区,Python开发工程师,1-3年,大专,20k-40k,"海外,高薪"
北京国双科技有限公司,Gridsum 国双,500-2000人,上市公司,海淀区,资深Python研发工程师,3-5年,本科,20k-40k,"上市公司,六险一金,发挥空间,团队氛围"
上海淇毓信息科技有限公司,奇虎360金融,500-2000人,未融资,朝阳区,Python开发工程师,3-5年,不限,20k-40k,"优秀团队,优秀项目"
北京智合大方科技有限公司,客知音,15-50人,A轮,东城区,python工程师（ai）,不限,本科,20k-40k,人工智能；技术驱动；大牛带队；福利多多
掌阅科技股份有限公司,掌阅,500-2000人,上市公司,朝阳区,高级Python研发工程师,3-5年,本科,25k-35k,"扁平化管理,福利待遇佳,学习氛围好,晋升空间大"
会找房（北京）网络技术有限公司,会分期,150-500人,D轮及以上,海淀区,Python开发工程师(J10100),3-5年,大专,15k-30k,"五险一金,十四薪,弹性工作"
乐飞天下信息技术(北京)有限公司,乐飞天下,50-150人,未融资,朝阳区,Python中高级开发工程师,5-10年,大专,15k-30k,五险一金 带薪假 海外旅游 节假福利
北京汇游科技有限公司,汇游科技,15-50人,不需要融资,朝阳区,中高级Python开发工程师,3-5年,本科,20k-30k,"五险一金,全勤奖,餐补,年终奖金"
北京源清慧虹信息科技有限公司,源清慧虹,50-150人,B轮,海淀区,高级python研发工程师,3-5年,本科,20k-30k,"二次医疗,健身场所,福利补助"
北京乐途原动力科技发展有限公司,北京乐途原动力,50-150人,未融资,朝阳区,python 高级工程师,3-5年,大专,20k-35k,"十五薪,打车补贴,双月奖金"
北京新工场投资顾问有限公司,她理财,50-150人,A轮,朝阳区,高级python开发工程师,1-3年,本科,15k-30k,互联网金融 无天花板 六险一金 期权激励
北京诸葛找房信息技术有限公司,诸葛找房网,150-500人,B轮,朝阳区,Python工程师,3-5年,不限,20k-40k,"六险一金,住房补贴,节日福利,一日三餐"
中云网安科技（北京）有限公司,中云网安,15-50人,A轮,朝阳区,资深python研发工程师,5-10年,本科,28k-40k,"技术前沿,人工智能"
北京汉迪移动互联网科技股份有限公司,iHandy,150-500人,不需要融资,海淀区,Python开发工程师,1-3年,本科,15k-30k,"六险一金,水果零食多,按摩椅,大牛云集"
北京朗势科技有限公司,tataUFO,50-150人,B轮,海淀区,高级Python工程师,3-5年,本科,25k-35k,"8天年假,五险一金,扁平化管理,年终奖"
深圳码隆科技有限公司,码隆科技,50-150人,B轮,海淀区,python工程师(北京),1-3年,本科,15k-25k,发展前景广阔
北京国双科技有限公司,Gridsum 国双,500-2000人,上市公司,海淀区,资深python开发工程师,3-5年,本科,20k-30k,发挥空间 晋升空间 牛人多 团队优秀
北京聚道科技有限公司,GeneDock,15-50人,B轮,海淀区,Python后端工程师,5-10年,本科,25k-40k,"五险一金,免费午餐,团队融洽,技术超前"
上海福萝电子科技有限公司,Cobo Wallet,15-50人,A轮,朝阳区,"Python, nodejs，golang工程师",3-5年,本科,30k-60k,"股权激励,成长空间,大牛团队,良好环境"
北京陌陌科技有限公司,陌陌,500-2000人,上市公司,朝阳区,Java/Python开发工程师（19届）,应届毕业生,本科,12k-24k,"每日下午茶,舒适的环境,可爱的伙伴"
北京数字联盟网络科技有限公司,数盟网络,50-150人,B轮,海淀区,Python工程师,不限,本科,8k-16k,"爆发式成长,成长空间,环境个性化,福利丰厚"
图玛深维医疗科技（北京）有限公司,图玛深维,50-150人,B轮,朝阳区,python工程师,1-3年,本科,10k-20k,超长带薪年假 五险一金 地铁周边
克鲁（北京）网络科技有限公司,Castbox,50-150人,B轮,朝阳区,Python后端开发工程师,3-5年,本科,20k-40k,"大牛云集,硅谷文化,免费三餐,租房补贴"
北京深海巨鲸信息科技有限公司,鲸媒体,15-50人,A轮,海淀区,资深Python 工程师,1-3年,不限,14k-20k,"五险一金,员工福利,餐补,双休"
北京格上添富科技发展有限公司,格上添富,150-500人,不需要融资,朝阳区,高级Python研发工程师,5-10年,本科,20k-35k,"水果零食,扁平化管理,弹性工作"
上海海知智能科技有限公司,海知智能,50-150人,A轮,海淀区,Python开发工程师,3-5年,本科,20k-40k,"创新前沿,技术大牛,成长空间大,工作弹性"
北京智合大方科技有限公司,客知音,15-50人,A轮,东城区,python后端开发工程师,不限,本科,20k-30k,福利待遇
北京趣拿软件科技有限公司,去哪儿网,2000人以上,不需要融资,海淀区,Python高级研发工程师-度假事业部(J11528),3-5年,本科,20k-40k,团队氛围融洽，帅哥美女多，年假多，年终奖
北京图森智途科技有限公司,图森未来,150-500人,C轮,朝阳区,Python后端工程师,1-3年,本科,15k-30k,"行业前沿,大牛云集,发展空间大,薪酬福利好"
维我软件（上海）有限公司北京分公司,Veeva,500-2000人,上市公司,朝阳区,高级Python工程师,5-10年,本科,25k-35k,纽交所上市 美资 生命科学 股票
掌阅科技股份有限公司,掌阅,500-2000人,上市公司,朝阳区,Python研发工程师（数据）,1-3年,本科,20k-30k,"上市公司,丰富福利,数据驱动,免费旅游"
上海诺誉投资管理有限公司,诺誉投资,150-500人,B轮,海淀区,高级python研发工程师,5-10年,本科,20k-25k,"即将b轮,团队背景好"
盛和（北京）资讯科技有限公司,盛和资讯,15-50人,A轮,西城区,Python算法工程师（初中级）,1-3年,本科,15k-25k,"高收入,热门领域,发展前景"
图玛深维医疗科技（北京）有限公司,图玛深维,50-150人,B轮,朝阳区,高级python工程师,3-5年,本科,20k-30k,超长带薪年假 五险一金 地铁周边
北京步鼎方舟科技有限公司,微车,150-500人,C轮,海淀区,Python开发工程师,3-5年,本科,10k-18k,"一日三餐,六险一金,14薪,定期团建"
北京启明合心科技有限公司,合心科技,50-150人,B轮,海淀区,高级python后端工程师,3-5年,本科,20k-35k,"领导好,不打卡,氛围好"
北京汇行科技有限公司,妙计旅行,150-500人,B轮,东城区,Python后端工程师-经理级,3-5年,本科,20k-30k,"七险一金,14薪,晋升空间,部门负责人"
北京汉迪移动互联网科技股份有限公司,iHandy,150-500人,不需要融资,海淀区,高级Python工程师,3-5年,本科,25k-50k,"硅谷氛围,高手如云,零食水果,六险一金"
北京百乘金科科技有限公司,百乘集团,2000人以上,上市公司,朝阳区,Python量化系统工程师,3-5年,本科,20k-40k,"五险一金,绩效奖金,餐补,带薪年假"
瞬联软件科技（北京）有限公司,瞬联软件科技（北京）有限公司,500-2000人,不需要融资,朝阳区,python开发,3-5年,本科,10k-18k,"七险一金,带薪年假,弹性工作,职位晋升"
北京优虎商务服务有限公司,老虎集团,150-500人,C轮,朝阳区,python开发工程师,1-3年,本科,20k-40k,"6险一金,期权股票,团队氛围好,地铁周边"
北京智分科技有限公司,NewsJet,50-150人,不需要融资,海淀区,高级Python开发工程师,3-5年,本科,25k-45k,"Geek范,清华系,福利待遇好,股票期权"
北京点石经纬科技有限公司,新东方教育行业研究院,150-500人,B轮,海淀区,Python工程师,3-5年,大专,15k-30k,"机会多多,K12,平台好"
北京首都在线科技股份有限公司,CDS,150-500人,上市公司,海淀区,python研发工程师,5-10年,本科,15k-30k,"薪酬福利好,云计算公司"
北京京东世纪贸易有限公司,京东集团,2000人以上,上市公司,朝阳区,python实习生,不限,硕士,6k-8k,班车，饭补，带薪年假
北京旷视科技有限公司,Face++,500-2000人,C轮,海淀区,高级Python开发工程师,3-5年,本科,25k-50k,大牛多
北京车势科技有限公司,车势科技,150-500人,A轮,朝阳区,Python后端开发,1-3年,本科,10k-18k,五险一金、年底双薪、带薪年假
北京慕华信息科技有限公司,学堂在线,150-500人,B轮,海淀区,Python工程师,3-5年,本科,15k-25k,"五险一金,绩效奖金,免费早餐,交补餐补"
北京步鼎方舟科技有限公司,微车,150-500人,C轮,海淀区,Python高级开发工程师,3-5年,本科,20k-30k,一日三餐、带薪年假、弹性工作、六险一金
北京点石经纬科技有限公司,新东方教育行业研究院,150-500人,B轮,海淀区,高级python工程师,5-10年,大专,20k-30k,"机会多多,平台好,领导好"
北京爱选信息科技有限公司,爱选科技,少于15人,天使轮,朝阳区,Python开发工程师,3-5年,本科,15k-25k,"金融科技类,公司氛围好"
贝壳找房（北京）科技有限公司,贝壳,2000人以上,C轮,海淀区,Python开发工程师,3-5年,本科,25k-50k,"扁平管理,六险二金,免费三餐,弹性工作"
北京棕榈创想科技有限公司,PALMAX,50-150人,A轮,海淀区,Python开发工程师,3-5年,本科,15k-25k,"14薪,技术新,大牛多,年度体检"
北京小龙虾科技有限公司,聚宽 JoinQuant,50-150人,B轮,朝阳区,python工程师,不限,本科,15k-25k,"免费中晚餐,下午茶,六险一金,扁平化管理"
银客未来科技（北京）有限公司,INK 银客集团,500-2000人,C轮,海淀区,python开发工程师,5-10年,大专,20k-30k,"七险一金,绩效奖金"
北京数美时代科技有限公司,数美,150-500人,B轮,朝阳区,python研发工程师,1年以下,硕士,15k-30k,"飞速发展,技术氛围浓,大牛担任导"
北京国双科技有限公司,Gridsum 国双,500-2000人,上市公司,海淀区,资深Python研发工程师（devops经验优先）,5-10年,本科,20k-35k,"上市公司,大数据企业,年终奖金,带薪年假"
锐波（北京）科技有限公司,波场TRON,150-500人,不需要融资,海淀区,高级 Python 工程师,3-5年,本科,20k-40k,"区块链技术,国际化团队,技术大牛,发展前景好"
人人贷商务顾问（北京）有限公司,人人贷,2000人以上,A轮,海淀区,Python开发高级工程师,3-5年,本科,30k-60k,"五险一金,节假日礼金,竞争力薪酬"
北京果壳互动科技传媒有限公司,果壳网,150-500人,C轮,朝阳区,高级Python开发工程师,3-5年,本科,20k-40k,"八险一金,免费三餐,不加班,弹性工作"
车好多旧机动车经纪(北京)有限公司,瓜子二手车直卖网,2000人以上,C轮,海淀区,Python,3-5年,本科,25k-30k,"核心项目,中间件团队,底层方向,等你来挑战"
南京云孚智能科技有限公司,云孚科技,少于15人,未融资,海淀区,Python研发工程师,不限,本科,6k-12k,"大牛直接带,顶级挑战,高速成长"
北京小米科技有限责任公司,小米,2000人以上,D轮及以上,海淀区,Python开发工程师,不限,本科,20k-40k,优秀的团队
北京小度互娱科技有限公司,百度视频,150-500人,B轮,海淀区,Python开发工程师,3-5年,本科,15k-25k,"团队优秀,福利优厚"
智线云科技（北京）有限公司,ZingFront智线,50-150人,A轮,朝阳区,Python中级工程师,3-5年,本科,15k-25k,"六险一金,晋升空间大,超长年假,团队氛围好"
小小黛朵（北京）科技有限公司,花生米富,150-500人,B轮,海淀区,python工程师,3-5年,大专,16k-20k,九险一金
北京高域海汇科技有限公司,高域海汇,50-150人,不需要融资,朝阳区,Python开发工程师,1-3年,本科,12k-20k,"核心业务,行业大牛,弹性作息,超多福利"
瞬联软件科技（北京）有限公司,瞬联软件科技（北京）有限公司,500-2000人,不需要融资,顺义区,初中级Python研发-车载系统方向,不限,本科,10k-20k,500强外企 七险一金 年度调薪 不加班
上海基分文化传播有限公司,趣头条,500-2000人,上市公司,海淀区,golang/python高级工程师,3-5年,本科,25k-45k,福利待遇好
北京东方车云信息技术有限公司,易到用车,500-2000人,D轮及以上,东城区,高级大数据开发工程师（Python）,5-10年,本科,20k-35k,年底双薪 弹性上班
无锡信成网络科技有限公司,黑牛保,15-50人,A轮,大兴区,python开发工程师,5-10年,本科,15k-20k,"五险一金,周末双休,节日福利,员工旅游"
维我软件（上海）有限公司北京分公司,Veeva,500-2000人,上市公司,朝阳区,Python软件工程师,1-3年,本科,15k-25k,纽交所上市 美资 生命科学 股票
北京国双科技有限公司,Gridsum 国双,500-2000人,上市公司,海淀区,高级Python研发工程师（DevOps经验优先）,3-5年,本科,15k-25k,"上市公司,大数据企业,年终奖金,带薪年假"
北京启明合心科技有限公司,合心科技,50-150人,B轮,海淀区,Python开发工程师,1-3年,本科,20k-35k,"大数据处理,自由度大,有挑战,公司午晚餐"
北京智者天下科技有限公司,知乎,500-2000人,D轮及以上,海淀区,资深Python开发,5-10年,本科,30k-45k,"三餐,健身房,mac"
北京凌云雀科技有限公司,灵雀云,150-500人,B轮,海淀区,Python,不限,本科,13k-25k,"前沿科技,靠谱团队,工程师文化,H1B计划"
智线云科技（北京）有限公司,ZingFront智线,50-150人,A轮,朝阳区,高级Python工程师,3-5年,本科,15k-25k,"带薪年假,福利多,办公环境好,团队氛围好"
北京智融时代信息技术有限公司,智融集团,150-500人,C轮,海淀区,高级Python开发工程师,3-5年,本科,25k-40k,"优秀团队,工场项目,六险一金,金融科技"
北京春雨天下软件有限公司,春雨医生,150-500人,C轮,海淀区,Python,3-5年,本科,20k-40k,有挑战，自主加薪，技术氛围好
北京快乐茄信息技术有限公司,茄子快传,150-500人,B轮,海淀区,高级Python工程师(000397)(BJ),1-3年,本科,15k-30k,"弹性工作,技术驱动,千万级用户,福利待遇"
上海蔚来汽车有限公司,NIO蔚来,2000人以上,D轮及以上,朝阳区,python,3-5年,本科,20k-40k,"六险一金,弹性办公,租房补贴,学霸团队"
北京旷视科技有限公司,Face++,500-2000人,C轮,海淀区,Python工程师,1-3年,本科,20k-40k,"技术驱动,极客氛围,大牛团队"
北京摩尔妈咪网络科技有限公司,摩尔妈妈,15-50人,A轮,朝阳区,python开发工程师,1-3年,本科,10k-20k,"大牛带队,注重成长,季度奖金,免费午餐"
北京阿姨多多网络科技有限公司,阿姨多多,少于15人,不需要融资,昌平区,python 实习生,不限,本科,3k-5k,"初创团队,有活力,家的感觉"
北京快松果科技有限公司,松果出行,150-500人,C轮,朝阳区,高级Python开发工程师,3-5年,本科,30k-45k,"大牛多,快速发展期,业务好,17薪"
小小黛朵（北京）科技有限公司,花生米富,150-500人,B轮,海淀区,python高级工程师,5-10年,本科,25k-30k,"团队氛围好,高速发展,福利多多"
北京仁信智清科技有限公司,智清金科,15-50人,A轮,海淀区,Python,不限,本科,20k-35k,"领导好,大牛云集,薪资待遇,职业发展"
北京智者天下科技有限公司,知乎,500-2000人,D轮及以上,海淀区,Python 开发工程师,1-3年,本科,18k-36k,"一日三餐,免费健身,弹性工时"
北京第三石科技发展有限公司,第三石科技,50-150人,B轮,朝阳区,高级Python开发工程师,5-10年,本科,25k-40k,"前沿技术,弹性工作,丰富下午茶"
北京琳云信息科技有限责任公司,琳云科技,15-50人,天使轮,朝阳区,Python工程师,5-10年,大专,20k-30k,"扁平管理,帅哥美女"
拉扎斯网络科技（上海）有限公司,饿了么,2000人以上,D轮及以上,朝阳区,高级python开发（微服务中间件）,1-3年,本科,15k-30k,中间件 出国团建 带薪假 补充医疗
北京慕华信息科技有限公司,学堂在线,150-500人,B轮,海淀区,系统开发工程师（Python）,3-5年,本科,20k-35k,"五险一金,餐补,生日会,优秀团队"
北京币世界网络科技有限公司,币世界,150-500人,A轮,朝阳区,python工程师,3-5年,本科,17k-34k,"地铁周边,零食水果,福利优厚,五险一金"
北京粉笔蓝天科技有限公司,粉笔网,150-500人,不需要融资,朝阳区,Python开发工程师,1-3年,本科,25k-40k,"技术大牛多,福利待遇好"
炫一下（北京）科技有限公司,一下科技,500-2000人,D轮及以上,朝阳区,Python研发工程师,3-5年,本科,35k-55k,"硕士最好,不加班,18薪,有期权"
紫梧桐（北京）资产管理有限公司,蛋壳公寓,2000人以上,B轮,东城区,Python开发工程师,5-10年,本科,20k-40k,技术大牛团
零氪信息技术（北京）有限公司,LinkDoc,500-2000人,D轮及以上,海淀区,高级python后端研发工程师,不限,本科,26k-52k,"15薪,六险一金,午晚餐补助,弹性不打卡"
途家网网络技术（北京）有限公司,途家网,500-2000人,D轮及以上,朝阳区,Python开发工程师,3-5年,本科,14k-28k,发展前景好
北京陌陌科技有限公司,陌陌,500-2000人,上市公司,朝阳区,Python开发工程师（反Spam方向）,1-3年,本科,15k-30k,"技术氛围好,核心业务"
遨游酒店信息技术(深圳)有限责任公司,遨游酒店信息技术(深圳)有限责任公司,500-2000人,不需要融资,朝阳区,高级Python研发工程师,3-5年,本科,15k-30k,"弹性上下班,高速发展,高速成长"
北京汉迪移动互联网科技股份有限公司,iHandy,150-500人,不需要融资,海淀区,Python开发实习生,应届毕业生,本科,5k-8k,"有大牛,有美女,有零食,有健身"
深圳市麦达数字股份有限公司,麦达数字,500-2000人,上市公司,朝阳区,PYTHON研发工程师,3-5年,本科,25k-35k,"上市公司,五险一金,薪酬福利好,发展空间大"
北京奥鹏远程教育中心有限公司,慕课网,50-150人,不需要融资,海淀区,python兼职讲师,5-10年,不限,18k-36k,"时间自由,分成丰厚,持续分成"
北京字节跳动科技有限公司,字节跳动,2000人以上,C轮,海淀区,Python 研发工程师,3-5年,本科,25k-45k,六险一金，高薪期权，弹性工作，免费三餐，租房补贴，带薪休假，扁平管理，职业大牛，晋升空间
维我软件（上海）有限公司北京分公司,Veeva,500-2000人,上市公司,朝阳区,Python软件工程师,3-5年,本科,15k-25k,纽交所上市 美资 生命科学 股票
北京摩尔妈咪网络科技有限公司,摩尔妈妈,15-50人,A轮,朝阳区,高级python开发工程师,3-5年,本科,15k-30k,"大牛带队,注重成长,季度奖金,免费午餐"
北京中谷金科信息技术有限公司,中谷金科,50-150人,B轮,通州区,高级Python工程师,3-5年,本科,15k-25k,"互联网金融,大数据,量化开发,自主性强"
乐飞天下信息技术(北京)有限公司,乐飞天下,50-150人,未融资,朝阳区,python高级研发工程师,5-10年,大专,20k-35k,"绩效奖金,员工旅游,带薪年假,股票期权"
北京三快在线科技有限公司,美团点评,2000人以上,D轮及以上,朝阳区,服务端高级开发工程师Golang/Python,3-5年,本科,35k-45k,"优厚待遇,技术导向"
北京旷视科技有限公司,Face++,500-2000人,C轮,海淀区,python高级后端工程师,5-10年,本科,25k-50k,核心团队
北京刷刷看网络科技有限公司,刷刷看,150-500人,A轮,朝阳区,Python工程师,1-3年,本科,15k-30k,"地铁周边,移动社交,牛人大咖多,新兴行业"
北京数美时代科技有限公司,数美,150-500人,B轮,朝阳区,python研发工程师,1年以下,硕士,15k-30k,"飞速发展,技术氛围浓,待遇好,发展快"
河北乐聘网络科技有限公司,乐聘网络科技,150-500人,不需要融资,朝阳区,Python开发工程师,1-3年,本科,15k-29k,发展前景好
杭州飞致云信息科技有限公司,FIT2CLOUD,50-150人,不需要融资,朝阳区,python工程师,5-10年,本科,20k-30k,项目发展非常好，一起改变世界
北京字节跳动科技有限公司,字节跳动,2000人以上,C轮,海淀区,python开发工程师,1-3年,本科,20k-40k,六险一金，高薪期权，弹性工作，免费三餐
智线云科技（北京）有限公司,ZingFront智线,50-150人,A轮,朝阳区,Python 中级工程师,3-5年,本科,15k-25k,带薪年假+福利多+办公环境好+氛围自由开放
京北方信息技术股份有限公司,京北方,2000人以上,D轮及以上,丰台区,Python,3-5年,本科,12k-20k,平台大，项目多
绫致时装（天津）有限公司,绫致时装（天津）有限公司,2000人以上,不需要融资,朝阳区,python开发工程师,5-10年,大专,15k-25k,大平台
北京慕华信息科技有限公司,学堂在线,150-500人,B轮,海淀区,Python工程师,5-10年,硕士,25k-40k,"五险一金,交通补,免费早餐,定期体检"
北京车之家信息技术有限公司,汽车之家,2000人以上,上市公司,海淀区,python工程师,3-5年,本科,15k-25k,"平台好,发展空间大"
北京智者天下科技有限公司,知乎,500-2000人,D轮及以上,海淀区,Python 开发工程师,1-3年,本科,18k-36k,"弹性工时,一日三餐"
北京五八到家信息技术有限公司,58到家,50-150人,天使轮,朝阳区,运维开发（Python方向）,3-5年,本科,20k-40k,核心团队，核心岗位，业务发展好
北京雷石世纪科技有限公司,北京雷石公司,150-500人,A轮,朝阳区,Python工程师,3-5年,本科,15k-30k,"五险一金,带薪年假,领导赞,补充医疗"
企鹅创新（北京）科技有限公司,企鹅创新,50-150人,天使轮,朝阳区,Python工程师,3-5年,本科,15k-25k,"五险一金,带薪年假,午餐报销"
北京字节跳动科技有限公司,字节跳动,2000人以上,C轮,海淀区,Python开发工程师（商业变现校招）,应届毕业生,本科,20k-26k,六险一金，高薪期权，弹性工作，免费三餐
北京小龙虾科技有限公司,聚宽 JoinQuant,50-150人,B轮,朝阳区,Python系统开发工程师,1-3年,本科,15k-30k,"六险一金,灵活工作制,技术分享,晋升渠道"
北京快乐茄信息技术有限公司,茄子快传,150-500人,B轮,海淀区,中级Python开发工程师(000416),1-3年,本科,15k-30k,"弹性工作,技术驱动,千万级用户,福利待遇"
广州摩翼信息科技有限公司,翼课网,500-2000人,不需要融资,大兴区,python 研发工程师,应届毕业生,本科,7k-12k,"大牛带飞,队友奈斯,弹性上班"
北京智者天下科技有限公司,知乎,500-2000人,D轮及以上,海淀区,Python开发,1-3年,本科,20k-40k,"三餐,健身房,mac"
上海微创软件股份有限公司北京分公司,微创,2000人以上,不需要融资,海淀区,Python开发工程师-赴微软,3-5年,本科,10k-18k,外企环境，技术氛围浓，六险一金，
北京市商汤科技开发有限公司,商汤科技,2000人以上,C轮,海淀区,算法开发工程师（Python）,1-3年,本科,20k-40k,"AI独角兽,公司前景好"
竞技世界（北京）网络技术有限公司,竞技世界,500-2000人,不需要融资,海淀区,服务器开发工程师（nodejs/java/python/go,5-10年,本科,25k-40k,大牛云集，固定调薪，国内外出游，领导好
北京众安天下科技有限公司,众安天下 allsec,15-50人,天使轮,海淀区,Python开发工程师,3-5年,本科,20k-30k,"五险一金,带薪年假,免费体检,零食管饱"
混沌时代（北京）教育科技有限公司,混沌大学,150-500人,不需要融资,海淀区,高级python开发工程师,3-5年,本科,20k-40k,"福利待遇好,超棒团队,弹性工作"
联想（北京）有限公司,联想集团,2000人以上,上市公司,海淀区,Python 开发,1-3年,本科,10k-15k,稳定
北京智能优学科技有限公司,熊猫加加,15-50人,未融资,朝阳区,Python高级开发工程师,3-5年,本科,25k-30k,"五险一金,技术大牛,团队出游,部门聚餐"
北京小龙虾科技有限公司,聚宽 JoinQuant,50-150人,B轮,朝阳区,python研发工程师,1-3年,本科,20k-25k,"扁平化管理,免费中午餐,下午茶零食,六险一金"
京东金融,京东金融,2000人以上,上市公司,大兴区,高级Python开发工程师,5-10年,本科,20k-40k,"班车,餐补"
北京超盟数据科技有限公司,超盟数据,50-150人,A轮,朝阳区,中级python开发工程师,3-5年,本科,20k-30k,"前沿领域,新市场,新机遇,新挑战"
上海基分文化传播有限公司,趣头条,500-2000人,上市公司,海淀区,Python开发,3-5年,本科,20k-40k,"六险一金,年假,上市公司,大平台"
上海微创软件股份有限公司北京分公司,微创,2000人以上,不需要融资,海淀区,Python工程师-赴微软小冰,1-3年,本科,8k-10k,"六险一金,带薪年假,节日福利,弹性工作"
中电信用服务有限公司,中电信用,50-150人,未融资,海淀区,Python工程师,5-10年,本科,15k-25k,"五险一金,带薪年假,餐补车补,定期体检"
深圳市金证科技股份有限公司,金证股份,2000人以上,上市公司,西城区,Python 开发工程师,3-5年,本科,15k-17k,"金融央企,五险一金"
北京闪银奇异科技有限公司,闪银奇异,500-2000人,D轮及以上,朝阳区,python工程师,不限,本科,30k-45k,"大牛同事,机器学习,六险一金,丰厚年终奖"
路书（北京）科技有限公司,路书,50-150人,A轮,朝阳区,高级python研发工程师,5-10年,本科,25k-40k,"优秀团队,高颜值产品,年度旅游,扁平化管理"
上海裕木信息科技有限公司,裕木科技,50-150人,未融资,朝阳区,资深python工程师,5-10年,本科,35K-70K,"行业前景好,顶级团队,薪资高,产品业绩好"
北京来也网络科技有限公司,助理来也,50-150人,B轮,海淀区,Python开发工程师,3-5年,本科,20k-40k,"人工智能,弹性工作,扁平管理,技术牛人"
北京汉迪移动互联网科技股份有限公司,iHandy,150-500人,不需要融资,海淀区,Python架构师,5-10年,本科,35k-60k,"硅谷范办公,六险一金,水果零食,团队氛围佳"
北京天广汇通科技有限公司,天广汇通,50-150人,不需要融资,海淀区,python开发工程师,3-5年,本科,15k-25k,软件工程师
北京雷石世纪科技有限公司,北京雷石公司,150-500人,A轮,朝阳区,Python工程师,1-3年,大专,10k-20k,"补充医疗险,弹性工作制"
北京慕华信息科技有限公司,学堂在线,150-500人,B轮,海淀区,Python工程师,3-5年,本科,15k-25k,来吧，与技术大牛过招吧！
北京小龙虾科技有限公司,聚宽 JoinQuant,50-150人,B轮,朝阳区,python工程师,不限,本科,20k-35k,"免费中晚餐,下午茶,六险一金,扁平化管理"
北京车之家信息技术有限公司,汽车之家,2000人以上,上市公司,海淀区,Python开发工程师,3-5年,本科,15k-25k,平台好，发展空间大
武汉平安中信置业有限公司,武汉平安中信置业有限公司,150-500人,不需要融资,海淀区,python开发工程师,5-10年,本科,20k-40k,技术大牛聚集地
TCL集团股份有限公司,TCL互联网事业本部,150-500人,不需要融资,海淀区,python 开发工程师,1-3年,本科,12k-20k,大平台 快速成长 nice领导 逗比同事
北京超盟数据科技有限公司,超盟数据,50-150人,A轮,朝阳区,高级Python工程师,3-5年,本科,30k-45k,"弹性考勤,扁平管理,高发展空间"
北京智者天下科技有限公司,知乎,500-2000人,D轮及以上,海淀区,Python 3 开发 (MJ000552),1-3年,本科,20k-35k,"三餐,健身房,mac"
混沌时代（北京）教育科技有限公司,混沌大学,150-500人,不需要融资,海淀区,python后台工程师,3-5年,本科,20k-40k,"弹性工作,六险一金,学习氛围,绩效奖金"
音未文化传媒有限责任公司,V.FINE MUSIC,50-150人,A轮,朝阳区,python后端,3-5年,本科,25k-30k,产品类型大而少见。挑战性强。
北京春雨天下软件有限公司,春雨医生,150-500人,C轮,海淀区,python,不限,本科,18k-36k,"弹性工作制,技术氛围好,感谢基金,精英团队"
路书（北京）科技有限公司,路书,50-150人,A轮,朝阳区,python研发工程师,3-5年,本科,18k-30k,"期权分享,高颜值产品,年度旅游,弹性工作制"
爱赛因斯（北京）科技有限公司,PMCAFF产品经理社区,15-50人,A轮,朝阳区,Python工程师,3-5年,本科,15k-30k,项目好
国美金控投资有限公司,国美金控,2000人以上,未融资,朝阳区,python研发工程师,5-10年,本科,30k-40k,"大平台,新项目,领导卓越"
北京奇安信科技有限公司,360企业安全,2000人以上,不需要融资,朝阳区,python开发工程师,3-5年,本科,14k-26k,带薪年假 五险一金
高德软件有限公司,阿里巴巴-高德,2000人以上,上市公司,朝阳区,python高级工程师/开发专家,3-5年,本科,25k-50k,发展空间大
北京南天软件有限公司,南软,500-2000人,上市公司,海淀区,Python开发工程师,3-5年,本科,10k-18k,"五险一金,年终奖金,带薪年假,交补话补"
北京智者天下科技有限公司,知乎,500-2000人,D轮及以上,海淀区,Python 开发工程师,1-3年,本科,18k-36k,健康三餐 免费健身游泳 大牛团队
云孚科技（北京）有限公司,云孚科技,15-50人,不需要融资,海淀区,Python研发工程师,不限,本科,6k-12k,"大牛直接带,顶级挑战,高速成长"
混沌时代（北京）教育科技有限公司,混沌大学,150-500人,不需要融资,海淀区,python后台工程师,1-3年,本科,15k-25k,"五险一金,补充医疗,定期体检,弹性工作"
上海微创软件股份有限公司北京分公司,微创,2000人以上,不需要融资,海淀区,Python开发（赴百度）,不限,本科,10k-14k,"大平台,六险一金,带薪年假,弹性上班制"
北京墨迹风云科技股份有限公司,墨迹天气,150-500人,C轮,朝阳区,Python开发工程师,3-5年,本科,15k-25k,"5亿用户,六险一金"
北京一览科技有限公司,一览科技,150-500人,B轮,朝阳区,python开发工程师,3-5年,本科,20k-40k,福利优厚
北京七彩焕腾科技有限公司,七彩焕腾,150-500人,B轮,朝阳区,高级python开发工程师,5-10年,本科,25k-35k,bat
安一恒通（北京）科技有限公司,度小满金融,500-2000人,A轮,海淀区,Python工程师,1-3年,本科,15k-30k,"技术过硬,经验丰富"
北京大米未来科技有限公司,VIPKID,2000人以上,D轮及以上,朝阳区,Python开发工程师,3-5年,本科,18k-35k,"住房补贴,优厚待遇,福利多,专属班车"
北京信链科技有限公司,信链科技,150-500人,A轮,朝阳区,高级Python开发工程师,5-10年,大专,20k-40k,风口行业、发展空间、五险一金
北京律金汇科技有限公司,律金汇科技,50-150人,不需要融资,海淀区,Python高级开发工程师,3-5年,本科,15k-20k,"岗位晋升,下午茶,偏平管理,地铁周边"
上海栗德机电工程技术有限公司,上海栗德机电工程技术有限公司,150-500人,未融资,海淀区,Python开发工程师,5-10年,本科,20k-40k,薪资待遇好、福利好、公司氛围好
昆仑智汇数据科技（北京）有限公司,K2DATA,50-150人,B轮,海淀区,软件开发工程师（Python）,3-5年,本科,15k-30k,行业大牛
北京奇安信科技有限公司,360企业安全,2000人以上,不需要融资,朝阳区,python开发工程师,3-5年,本科,15k-30k,"知名大厂,技术氛围浓,技术大牛多,成长快"
北京中公教育科技股份有限公司,中公教育,2000人以上,未融资,海淀区,Python讲师,3-5年,本科,20k-30k,"五险一金,补助"
上海微创软件股份有限公司北京分公司,微创,2000人以上,不需要融资,海淀区,Python开发,不限,本科,10k-13k,"大公司,六险一金,人工智能,班车食堂"
北京第三石科技发展有限公司,第三石科技,50-150人,B轮,朝阳区,Python开发工程师,3-5年,本科,15k-30k,"前沿技术,丰富下午茶,弹性工作,扁平管理"
北京通力互联技术服务有限公司,通力互联,2000人以上,不需要融资,海淀区,Python开发,3-5年,大专,9k-18k,"周末双休,团建活动"
颐月信息技术（北京）有限公司,标准普惠,15-50人,A轮,朝阳区,python开发工程师,1-3年,本科,15k-25k,"技术挑战,发展空间,扁平化"
星辰天合（北京）数据科技有限公司,XSKY,150-500人,C轮,海淀区,存储应用开发工程师-Java/GO/Python,3-5年,本科,18k-35k,"完善福利,人性化管理,扁平化管理"
北京金山云网络技术有限公司,金山云,500-2000人,D轮及以上,海淀区,校招-Python/Golang研发工程师,不限,本科,10k-15k,"六险一金,技能培训,节日福利,免费三餐"
北京优虎商务服务有限公司,老虎集团,150-500人,C轮,朝阳区,Python开发工程师,1-3年,本科,20k-35k,"六险一金,绩效奖金,发展空间大,股票期权"
北京健康有益科技有限公司,健康有益,50-150人,未融资,朝阳区,python后端高级开发工程师,3-5年,本科,15k-30k,"薪酬,机会,福利"
北京升鑫网络科技有限公司,青藤云安全,15-50人,A轮,海淀区,python开发实习生,应届毕业生,硕士,2k-3k,"不打卡,业内大牛"
互影科技（北京）有限公司,互影科技,15-50人,不需要融资,朝阳区,Python开发工程师,5-10年,本科,15k-20k,"顶尖风投,快速爆发期,成长氛围好,年底双薪"
宁波艾莫投资管理有限公司,IMO,150-500人,不需要融资,朝阳区,python开发工程师,1-3年,本科,20k-40k,团队背景强大；优质项目；五险一金；
北京缔联科技有限公司,缔联科技,50-150人,B轮,海淀区,Python开发工程师,3-5年,本科,10k-20k,"周末双休,法定节假日,六险一金,年底双薪"
北京启明合心科技有限公司,合心科技,50-150人,B轮,海淀区,中级python开发工程师,不限,本科,20k-35k,"领导好,不打卡,午晚餐,年底双薪"
北京旷视科技有限公司,Face++,500-2000人,C轮,海淀区,Python后端工程师,3-5年,本科,25k-50k,大牛多
北京奇艺世纪科技有限公司,爱奇艺,2000人以上,上市公司,海淀区,Python高级开发工程师,3-5年,硕士,20k-30k,业界第一视频公司，待遇优厚，发展前景广阔
智线云科技（北京）有限公司,ZingFront智线,50-150人,A轮,朝阳区,高级Java/PHP/Python工程师,3-5年,本科,15k-30k,"带薪年假,福利多,办公环境好,氛围自由"
三只肥猴（北京）信息技术有限公司,三只肥猴,少于15人,未融资,海淀区,Python工程师,1-3年,本科,7k-10k,"前沿技术,团队融洽,带薪假期,上升空间大"
创新奇智（北京）科技有限公司,创新奇智,50-150人,天使轮,海淀区,高级python开发工程师,3-5年,本科,20k-40k,"发展空间大,优质团队"
北京完美创意科技有限公司,更美APP,150-500人,D轮及以上,朝阳区,Python高级研发工程师,3-5年,本科,25k-45k,"弹性时间,技术大牛,年度旅游,福利齐全"
维我软件（上海）有限公司北京分公司,Veeva,500-2000人,上市公司,朝阳区,高级Python工程师,5-10年,本科,25k-35k,纽交所上市 美资 生命科学 股票
北京步鼎方舟科技有限公司,微车,150-500人,C轮,海淀区,Python架构师,5-10年,本科,30k-60k,带薪年假、五险一金、一日三餐、定期体检
美景听听（北京）科技有限公司,美景听听App,15-50人,A轮,西城区,Python高级开发工程师,3-5年,本科,15k-30k,"优秀团队,气氛活跃,扁平化管理"
北京知源智生信息科技有限公司,知源智生,50-150人,不需要融资,海淀区,python工程师,3-5年,本科,15k-30k,"领导好,学术氛围,免费零食,弹性工作"
颐邦（北京）医院管理有限公司,颐邦科技,少于15人,天使轮,海淀区,Python研发工程师,1-3年,本科,15k-25k,"团队优秀,技术强,薪酬高,福利好"
北京字节跳动科技有限公司,字节跳动,2000人以上,C轮,海淀区,Python开发工程师-变现业务,1-3年,本科,25k-40k,六险一金，弹性工作，免费三餐，租房补贴，带薪休假，休闲下午茶，扁平管理，健身瑜伽，过亿用户，职业大牛，晋升空间，团队氛围好，优厚薪资
北京奥鹏远程教育中心有限公司,慕课网,50-150人,不需要融资,海淀区,Python助教,1-3年,本科,6k-8k,"空间无限大,领导好,团队优秀,团队氛围好"
北京蚂蜂窝网络科技有限公司,马蜂窝,500-2000人,D轮及以上,朝阳区,python开发工程师 (MJ000414),1-3年,不限,20k-30k,"免费早午饭,免费班车,年度旅游,六险一金"
北京多贝兄弟信息技术有限公司,多贝网,50-150人,上市公司,海淀区,python开发,应届毕业生,本科,10k-20k,"六险一金,免费午餐,极客氛围,薪资高"
北京下厨房科技有限公司,下厨房,50-150人,B轮,海淀区,Python开发工程师,1-3年,本科,15k-25k,"带薪年假多,免费午餐,弹性工作制,工作氛围佳"
北京陌陌科技有限公司,陌陌,500-2000人,上市公司,朝阳区,Python高级/中级研发工程师,3-5年,本科,20k-40k,"完善的福利,团队精湛,技术挑战"
北京棣南新宇科技有限公司,棣南新宇,50-150人,不需要融资,海淀区,Python高级开发工程师,3-5年,本科,15k-20k,"创造,实实在在,价值"
北京天融信网络安全,北京天融信公司,2000人以上,上市公司,海淀区,python开发工程师,1-3年,本科,10k-15k,"七险一金,年终奖,带薪年假,带薪病假"
北京多贝兄弟信息技术有限公司,多贝网,50-150人,上市公司,海淀区,python开发,应届毕业生,本科,10k-20k,"六险一金,免费午餐,不打卡,纯技术团队"
福州必全网络科技有限公司,必全网络,15-50人,天使轮,朝阳区,python程序员,1年以下,本科,6k-10k,五险一金；包住宿
北京外麦王科技有限公司,外麦王,150-500人,A轮,海淀区,Python高级开发工程师,5-10年,本科,15k-30k,提供住宿 团队好 待遇好
一点网聚科技有限公司,一点资讯,500-2000人,D轮及以上,朝阳区,Python开发工程师,1-3年,本科,20k-40k,"弹性工作,发展空间大,千万级用户,行业独"
北京字节跳动科技有限公司,字节跳动,2000人以上,C轮,海淀区,高级python工程师,3-5年,本科,30k-60k,六险一金，高薪期权，弹性工作，免费三餐，租房补贴，休闲下午茶，扁平管理，团队氛围好，优厚薪资
京东金融,京东金融,2000人以上,上市公司,大兴区,高级Python开发工程师,5-10年,本科,20k-40k,"班车,餐补"
北京共识无限科技有限公司,共识无限,15-50人,A轮,朝阳区,python中高级工程师,3-5年,本科,20k-30k,"弹性时间,六险一金,发展空间大"
北京刷刷看网络科技有限公司,北京刷刷看网络科技有限公司,50-150人,未融资,朝阳区,Python,1-3年,本科,20k-35k,地铁周边全新项目牛人大咖多扁平化管理
北京思维造物信息科技有限公司,罗辑思维,150-500人,D轮及以上,朝阳区,Python开发工程师,3-5年,本科,25k-50k,"大咖云集,技术氛围好"
成都联想软件有限公司,联想,500-2000人,不需要融资,海淀区,python工程师,3-5年,本科,30k-60k,技术部
北京融联世纪信息技术有限公司,融360,500-2000人,D轮及以上,海淀区,Python研发工程师,5-10年,本科,20k-40k,"优质团队,福利待遇"
溪流科技（北京）有限公司,溪流科技,15-50人,未融资,朝阳区,Python开发工程师,3-5年,本科,12k-24k,"成长空间大,团队文化好,六险一金,周末双休"
北京世纪好未来教育科技有限公司,好未来,2000人以上,上市公司,海淀区,Python/Django web开发工程师,3-5年,本科,20k-35k,"福利好,扁平化"
北京字节跳动科技有限公司,字节跳动,2000人以上,C轮,海淀区,高级python研发工程师,1-3年,本科,20k-40k,"六险一金,高薪期权,弹性工作,租房补贴"
北京猎户星空科技有限公司,猎户星空,500-2000人,A轮,朝阳区,Python工程师,1-3年,本科,10k-20k,"空间大,机会多,福利好"
北京完美创意科技有限公司,更美APP,150-500人,D轮及以上,朝阳区,高级Python开发工程师,3-5年,本科,25k-45k,"弹性工时,出国游,扁平化团队,带薪年假"
北京云英传奇技术有限公司,CloudIn,50-150人,A轮,朝阳区,Python研发工程师,5-10年,本科,20k-40k,"技术大咖,公司氛围好,项目奖金"
北京旷视科技有限公司,Face++,500-2000人,C轮,海淀区,高级Python后端工程师,3-5年,本科,25k-50k,大牛多
北京好巧国际旅行社有限公司,好巧,150-500人,B轮,朝阳区,Python研发工程师,3-5年,大专,18k-30k,"弹性工作,百万医疗,10天年假,高速增长"
北京世纪好未来教育科技有限公司,好未来,2000人以上,上市公司,,家长帮-Python/Django web开发工程师,3-5年,本科,20k-35k,上市公司，六险一金，住房无息，福利待遇好
北京高域海汇科技有限公司,高域海汇,50-150人,不需要融资,朝阳区,Python开发工程师,3-5年,本科,12k-18k,"五险一金,绩效奖金,餐补"
北京百乘传媒技术有限公司,百乘传媒,15-50人,A轮,朝阳区,高级Python工程师,5-10年,本科,18k-30k,工程师
生命奇点（北京）科技有限公司,生命奇点,50-150人,A轮,海淀区,大数据平台开发工程师 Java/Python,应届毕业生,本科,10k-20k,"发展空间大,项目前景好,团队氛围好,技术导向"
北京罗威亚科技有限公司,罗威亚科技,15-50人,天使轮,大兴区,python攻城狮,1-3年,本科,9k-15k,"平台好,技术新,大牛带,团队棒"
北京中谷金科信息技术有限公司,中谷金科,50-150人,B轮,通州区,高级python工程师,5-10年,本科,18k-25k,"晋升快,人工智能,量化开发,五险一金"
北京快乐茄信息技术有限公司,茄子快传,150-500人,B轮,海淀区,python开发工程师,1-3年,本科,15k-30k,"行业独角兽,团队大牛多,薪资福利好"
北京摩尔妈咪网络科技有限公司,摩尔妈妈,15-50人,A轮,朝阳区,python开发实习生,应届毕业生,本科,3k-6k,"提供转正,实习证明,注重成长,免费 午餐"
北京易越信息技术有限公司,易越,15-50人,A轮,朝阳区,Python高级开发工程师,5-10年,本科,20k-35k,发展潜力大，公司期权
北京微步在线科技有限公司,微步在线,50-150人,B轮,海淀区,python开发工程师,3-5年,本科,15k-25k,"技术培训,绩效奖金"
北京创智优品科技有限公司,Zenjoy,150-500人,不需要融资,东城区,Python后台开发工程师,3-5年,本科,15k-30k,"六险一金,年底双薪,出国旅行,包午晚餐"
北京东方国信科技股份有限公司,东方国信,2000人以上,上市公司,朝阳区,Python开发工程师,1-3年,本科,10k-15k,上市公司，大数据，餐补，健身房，
上海一起作业信息科技有限公司,一起科技,500-2000人,D轮及以上,朝阳区,Python高级研发工程师(技术),不限,不限,15k-30k,"绩效奖金,带薪年假"
新浪网技术（中国）有限公司,新浪网,2000人以上,上市公司,海淀区,Python开发工程师,1-3年,本科,13k-26k,系统开发
北京步鼎方舟科技有限公司,微车,150-500人,C轮,海淀区,Python高级数据工程师,3-5年,本科,20k-30k,"五险一金,一日三餐,带薪年假,定期体检"
瞬联软件科技（北京）有限公司,瞬联软件科技（北京）有限公司,500-2000人,不需要融资,海淀区,高级后端Python研发-人工智能图像方向,不限,本科,10k-20k,500强外企 七险一金 年度调薪 不加班
北京金山云网络技术有限公司,金山云,500-2000人,D轮及以上,海淀区,Python架构师,5-10年,本科,20k-40k,"免费三餐,免费班车,下午茶,良好办公环"
创新奇智（北京）科技有限公司,创新奇智,50-150人,天使轮,海淀区,python开发工程师,3-5年,本科,15k-30k,"免费零食,免费午餐,七险一金,不打卡"
北京微光果壳科技有限公司,微壳,150-500人,不需要融资,海淀区,【Python资深研发工程师】,3-5年,本科,30k-40k,Geek、六险一金、16薪、弹性工作
互动峰科技(北京)有限公司,好大夫在线,500-2000人,D轮及以上,朝阳区,Python工程师,不限,本科,18k-35k,"大公司,大平台,机会多,六险一金"
视觉（中国）文化发展股份有限公司北京分公司,视觉中国,150-500人,上市公司,朝阳区,python开发工程师,3-5年,本科,15k-25k,"上市公司,六险一金,带薪年假,绩效奖金"
北京金色华勤数据服务有限公司,金色华勤,50-150人,上市公司,大兴区,Python开发工程师,不限,本科,10k-15k,"五险一金,带薪年假,上市公司,可培养"
茂逊科技有限公司,modeush,2000人以上,D轮及以上,海淀区,python,5-10年,本科,20k-35k,"不打卡,免费餐饮,扁平管理,13薪"
非凡维格（北京）信息科技有限公司,Weego Travel,15-50人,B轮,朝阳区,Python高级工程师-服务器端,3-5年,本科,25k-50k,"国际产品,带薪年假,弹性工作,开放办公"
北京智胜新格科技有限公司,北京智胜新格科技有限公司,50-150人,不需要融资,海淀区,Python开发,1-3年,本科,15k-30k,"六险一金,硅谷式办公,绩效奖金,按摩椅"
北京中公教育科技股份有限公司,中公教育,2000人以上,未融资,海淀区,Python助理讲师,1-3年,本科,7k-10k,"五险一金,年底奖金"
中视科华有限公司北京技术服务分公司,中视科华北京技术服务分公司,500-2000人,不需要融资,海淀区,Python工程师,3-5年,本科,10k-18k,"人工智能,AI,平台广阔,软件开发"
赤子城网络技术（北京）有限公司,赤子城,150-500人,D轮及以上,朝阳区,python开发工程师,3-5年,本科,10k-20k,"七险一金,绩效奖金,发展空间,团队氛围"
北京点石经纬科技有限公司,新东方教育行业研究院,150-500人,B轮,海淀区,高级python工程师,3-5年,大专,15k-30k,"领导nic,扁平化管理"
北京外麦王科技有限公司,外麦王,150-500人,A轮,海淀区,Python高级开发工程师,3-5年,本科,15k-30k,提供住宿
上海一起作业信息科技有限公司,一起科技,500-2000人,D轮及以上,朝阳区,python高级开发工程师（技术）,3-5年,本科,25k-50k,"独角兽,待遇好,工作环境好"
北京陌陌科技有限公司,陌陌,500-2000人,上市公司,朝阳区,Python开发工程师（运维方向）,不限,本科,20k-40k,"完善的福利,团队精湛,技术挑战,上升空间大"
深圳市金证科技股份有限公司,金证股份,2000人以上,上市公司,朝阳区,python开发,3-5年,大专,10k-15k,"上市公司,项目大,福利多多,周末双休"
北京凯奇谷信息技术股份有限公司,凯奇谷,150-500人,上市公司,朝阳区,服务器端开发工程师（Python）,1-3年,本科,10k-16k,牛人聚集 健身足疗按摩 餐补房补交通补
北京中科物安科技有限公司,中科物安,15-50人,未融资,海淀区,python开发工程师,3-5年,本科,15k-25k,"发展空间大,五险一金,餐补,带薪年假"
北京格灵深瞳信息技术有限公司,格灵深瞳,150-500人,C轮,海淀区,Python高级开发工程师&nbsp;,3-5年,本科,15k-30k,"扁平化管理,不定期团建"
华风象辑（北京）气象科技有限公司,象辑科技,50-150人,B轮,海淀区,Python开发工程师,1-3年,本科,10k-20k,高手如云的团队，带你成长带你飞~
柔持（北京）科技有限公司,柔持英语,150-500人,B轮,朝阳区,Python开发工程师,3-5年,本科,20k-40k,"五险一金,pytho"
北京金风科创风电设备有限公司,金风科技,2000人以上,上市公司,大兴区,Python 开发工程师,3-5年,本科,18k-35k,"五险一金,节日福利,餐补,带薪年假"
上海一起作业信息科技有限公司,一起科技,500-2000人,D轮及以上,朝阳区,python高级开发工程师（技术）,3-5年,本科,25k-50k,"独角兽,待遇好"
柳州道无尽科技有限公司,柳州道无尽科技有限公司,15-50人,未融资,朝阳区,Python工程师,3-5年,本科,18k-28k,"14薪,六险一金"
北京优虎商务服务有限公司,老虎集团,150-500人,C轮,朝阳区,Python工程师,3-5年,本科,18k-35k,"6险一金,弹性工作,团队好,氛围轻松"
百融金融信息服务股份有限公司,百融金服,500-2000人,C轮,海淀区,高级python开发工程师,3-5年,本科,20k-30k,六险一金
北京智慧星光信息技术有限公司,智慧星光,500-2000人,不需要融资,海淀区,爬虫Python开发,不限,本科,4k-8k,"发展空间大,福利好,办公环境好"
北京艾鹏承远科技有限公司,艾鹏承远,少于15人,未融资,朝阳区,python开发工程师,3-5年,本科,20k-40k,发展前景好，福利待遇高
百度时代网络技术(北京)有限公司,百度,2000人以上,上市公司,海淀区,python开发工程师（20年毕业实习岗）,应届毕业生,本科,3k-6k,"大平台,技术氛围好,能转正"
百晓科技（北京）有限公司,DecentFoXStudio,少于15人,不需要融资,朝阳区,Python 软件开发工程师,1-3年,本科,15K-25K,年终奖、团建旅游、敏捷开源
京东商城-技术研发体系-大数据部,京东商城研发部,2000人以上,上市公司,大兴区,Python,5-10年,本科,30k-50k,"行业前沿,部门直招,核心加班,核心团队"
瓦力必达科技（北京）有限公司,邻萌宝,50-150人,A轮,朝阳区,python开发工程师,3-5年,本科,12k-22k,"行业最前沿
玩儿法最多
最接近用户"
深圳市金证科技股份有限公司,金证股份,2000人以上,上市公司,朝阳区,python开发,3-5年,大专,10k-20k,"上市公司,福利多多,项目大,五险一金"
北京阿丘科技有限公司,阿丘科技,50-150人,A轮,海淀区,后台开发工程师（Python）,不限,本科,15k-30k,"大牛多,技术氛围好,福利好,前景广阔"
北京贝斯平云科技有限公司,Bespin,150-500人,B轮,朝阳区,Python开发工程师—CI/CD方向,3-5年,本科,15k-30k,"发展空间大,五险一金,带薪年假,创业公司"
北京国双科技有限公司,Gridsum 国双,500-2000人,上市公司,海淀区,资深DevOps研发工程师（Python/GO）,5-10年,本科,20k-35k,"大数据企业,上市公司,年终奖金,带薪年假"
北京首都在线科技股份有限公司,CDS,150-500人,上市公司,海淀区,python实习生（可转正）,应届毕业生,本科,2k-4k,平台好
便利蜂商贸有限公司,便利蜂,2000人以上,不需要融资,朝阳区,Python开发工程师(J11761),1-3年,本科,10k-15k,机会众多
达内时代科技集团有限公司,达内集团,2000人以上,上市公司,朝阳区,Python讲师 (MJ001577),5-10年,本科,18k-30k,"五险一金,商业保险,股票期权"
北京中环信科科技股份有限公司,中环信科,50-150人,未融资,朝阳区,Python开发工程师,1-3年,本科,12k-20k,弹性工作 工作小餐点 与国外团队对接
清北华数教育科技（北京）有限公司,华罗庚网校,15-50人,天使轮,海淀区,python,1-3年,本科,16K-20K,团队年轻，股票期权
北京慕华信息科技有限公司,学堂在线,150-500人,B轮,海淀区,中高级python工程师,1-3年,大专,15k-30k,"氛围好,技术大牛,福利好"
北京豆网科技有限公司,豆瓣网,150-500人,C轮,朝阳区,Python开发工程师,3-5年,本科,20k-35k,"六险一金,带薪年假,年度体检,早餐下午茶"
游尔（北京）机器人科技有限公司,游尔机器人,15-50人,天使轮,海淀区,python开发工程师,1-3年,本科,10k-20k,"大牛多,待遇好,前景好,氛围好"
北京猎户星空科技有限公司,猎户星空,500-2000人,A轮,朝阳区,Python开发工程师,3-5年,本科,18k-35k,牛人云集，优质福利
中科边缘智慧信息科技（苏州）有限公司,中科边缘智慧,50-150人,A轮,海淀区,python,1-3年,本科,16k-25k,五险一金、每年体检、节日福利、年终奖等
东吴（苏州）金融科技有限公司,东吴在线,50-150人,不需要融资,朝阳区,python量化开发工程师,不限,本科,12k-20k,"高频策略,自研自用,接触策略,券商系"
北京晟程华科教育科技有限公司,尚硅谷,500-2000人,未融资,昌平区,Python讲师,3-5年,本科,30k-50k,"美女如云,领导nic,年终分红,带薪年假"
北京云中融信网络科技有限公司,融云,150-500人,B轮,朝阳区,Python全栈工程师,3-5年,本科,15k-25k,"福利好,老板赞,弹性工作,补充医疗"
北京中公教育科技股份有限公司,中公教育,2000人以上,未融资,海淀区,Python研发编辑,1-3年,本科,15k-25k,"五险一金,年终奖金"
北京闪送科技有限公司,闪送,500-2000人,D轮及以上,海淀区,Python/web开发工程师,3-5年,本科,10k-20k,"发展空间,福利优厚,带薪年假,弹性工作时"
北京诺信创联科技有限公司,诺信创联,15-50人,A轮,朝阳区,python后端工程师,3-5年,本科,15k-25k,"年底双薪,绩效奖金,领导好,氛围好"
北京大米未来科技有限公司,VIPKID,2000人以上,D轮及以上,朝阳区,高级Python开发工程师,3-5年,本科,15k-30k,"住房补贴,待遇优厚,福利多,专属班车"
北京领今科技有限公司,领今科技,15-50人,未融资,西城区,Python开发工程师,不限,本科,8k-14k,"五险一金,带薪年假,周末双休,餐补"
北京路玺优讯科技有限公司,面包旅行,50-150人,C轮,朝阳区,Python开发工程师,3-5年,本科,25k-35k,"发展空间大,晋升空间大,扁平化管理"
北京智融时代信息技术有限公司,智融集团,150-500人,C轮,海淀区,python研发工程师（抓取平台开发方向）,3-5年,本科,20k-40k,六险一金、上升空间、弹性工作、优秀团队
北京闪银奇异科技有限公司,闪银奇异,500-2000人,D轮及以上,朝阳区,Python开发工程师,1-3年,本科,18k-35k,"全五险一金,牛人多,发展快,福利好"
小立教育科技（北京）有限公司,小立教育,15-50人,天使轮,海淀区,Python开发工程师,应届毕业生,本科,15k-25k,"交通方便,免费健身,发展空间大,团队氛围好"
北京火币天下网络技术有限公司,火币网,150-500人,A轮,海淀区,量化数据分析（Python）,3-5年,本科,15k-20k,平台佳
北京原子钟信息科技有限公司,原子钟,15-50人,A轮,朝阳区,Python开发工程师,3-5年,本科,15k-25k,"14薪,带薪年假,节日福利,机会多"
北京第三石科技发展有限公司,第三石科技,50-150人,B轮,朝阳区,Python开发工程师（校招）,应届毕业生,本科,4k-8k,新锐的全球化移动电商平台
支付宝(杭州)信息技术有限公司,蚂蚁金服集团,2000人以上,B轮,朝阳区,研发专家-Java/Python/C++/Go北京,3-5年,本科,25k-50k,"顶尖的团队,核心事业群,发展前景广"
北京凯奇谷信息技术股份有限公司,凯奇谷,150-500人,上市公司,朝阳区,游戏研发工程师 （Python）（初级）,1-3年,本科,6k-8k,给力的团队 领导好 弹性工作 免费吃喝
北京神州绿盟信息安全科技股份有限公司,绿盟科技,500-2000人,上市公司,海淀区,Python实习生,不限,本科,2k-4k,"五险一金,周末双休"
北京京东世纪贸易有限公司,京东集团,2000人以上,上市公司,朝阳区,Python后端研发工程师,3-5年,本科,25k-50k,"发展好,平台大,机会多,待遇好"
微梦创科网络科技（中国）有限公司,新浪微博,2000人以上,上市公司,海淀区,python中高端开发工程师,1-3年,本科,20k-40k,"产品重要,成长快,挑战多"
北京奥鹏远程教育中心有限公司,慕课网,50-150人,不需要融资,海淀区,python讲师,3-5年,大专,15k-30k,行业翘楚、团队优秀、待遇open
北京智融时代信息技术有限公司,智融集团,150-500人,C轮,海淀区,python开发实习生,1年以下,不限,6k-9k,定期培训/定期团建/零食晚餐/牛人mentor
北京恩思特管理咨询有限公司,北京恩思特,50-150人,未融资,海淀区,Python 高级开发工程师（组长）,3-5年,本科,20k-35k,五险一金、绩效奖金
福州必全网络科技有限公司,必全网络,15-50人,天使轮,朝阳区,python程序员,3-5年,本科,10k-20k,五险一金
奇虎360科技有限公司,360,2000人以上,上市公司,朝阳区,python,3-5年,本科,30k-55k,发展平台 免费三餐 福利待遇
奇点浩翰数据技术（北京）有限公司,奇点浩翰,15-50人,未融资,东城区,Python开发工程师,不限,本科,15k-20k,"五险一金,绩效奖金,定期体检,员工旅游"
北京势在必行网络科技有限公司,币信,50-150人,不需要融资,海淀区,python开发工程师,1-3年,大专,15k-30k,"年底双薪,午餐补助,休闲餐点,弹性工作"
北京罗威亚科技有限公司,罗威亚科技,15-50人,天使轮,大兴区,Python【实习生】,应届毕业生,本科,5k-10k,高挑战，大舞台，大牛带，氛围好
北京厨芯科技有限公司,厨芯科技,150-500人,A轮,朝阳区,Python开发工程师,3-5年,本科,15k-30k,"高速成长,扁平管理"
如禹投资（上海）有限公司,如禹投资,少于15人,未融资,朝阳区,高级Python开发工程师,3-5年,本科,30k-40k,创业公司 A轮 技术团队一线互联网背景
马上消费金融股份有限公司,马上金融,2000人以上,不需要融资,朝阳区,Python开发工程师,3-5年,大专,20k-30k,年底2-4薪
北京趣活科技有限公司,趣活美食送,2000人以上,D轮及以上,朝阳区,Python开发工程师,3-5年,本科,10k-20k,iMac/无限零食水果/跟大牛共事/创业氛围
柔持（北京）科技有限公司,柔持英语,150-500人,B轮,朝阳区,Python后端开发工程师,1-3年,本科,20k-30k,"交通方便,弹性时间,不加班"
北京大河有渔网络科技有限公司,大河有渔,15-50人,天使轮,海淀区,Python开发工程师,1-3年,本科,10k-15k,有良好行业发展前景、舒适的办公环境
北京融联世纪信息技术有限公司,融360,500-2000人,D轮及以上,海淀区,python研发架构师,5-10年,本科,30k-45k,"周末双休,节日福利,五险一金,股票期权"
北京云英传奇技术有限公司,CloudIn,50-150人,A轮,朝阳区,高级Python工程师,3-5年,本科,30k-40k,"大牛带队,绩效奖金,工程师文化,定期团建"
北京智融时代信息技术有限公司,智融集团,150-500人,C轮,海淀区,高级Python开发工程师,3-5年,本科,25k-45k,"优秀团队,科技金融,六险一金,工作居住证"
北京汇游科技有限公司,汇游科技,15-50人,不需要融资,朝阳区,初级Python开发工程师,3-5年,本科,10k-15k,"五险一金,全勤奖,餐补,年终奖金"
中亿互娱（北京）网络科技有限公司,中亿互娱,15-50人,不需要融资,海淀区,Python研发工程师,3-5年,本科,9k-15k,事业单位
小叶子（北京）科技有限公司,The ONE,500-2000人,C轮,朝阳区,python实习生,不限,本科,3k-4k,"午晚餐,交通补助,弹性工作制"
北京修齐治平科技有限公司,爱云校,500-2000人,C轮,朝阳区,基础架构师-golang/C++/python,3-5年,本科,20k-40k,"六险一金,午餐补助,提供晚餐,每日下午茶"
北京点石经纬科技有限公司,新东方教育行业研究院,150-500人,B轮,海淀区,python服务开发工程师,1-3年,本科,12k-24k,"领导nic,大平台"
北京聚齐众兴网络科技有限公司,北京聚齐,15-50人,A轮,大兴区,高级Python工程师,5-10年,本科,15k-20k,"五险一金,周末双休,节日福利,员工旅游"
北京多来点信息技术有限公司,哗啦啦,500-2000人,不需要融资,西城区,Python后端开发工程师,1-3年,本科,15k-25k,五险一金 年终奖金 带薪年假 节日福利
景星网络科技（北京）有限公司,景星科技,15-50人,未融资,朝阳区,python高级开发工程师,3-5年,本科,15k-25k,下午茶、绩效奖金、旅游、生日会、五险一金
南京绛门信息科技股份有限公司,绛门科技,500-2000人,未融资,朝阳区,Python,3-5年,大专,12k-22k,"五险一金,带薪年假,定期体检,员工旅游"
北京车势科技有限公司,车势科技,150-500人,A轮,朝阳区,技术经理（侧重python后端）,5-10年,本科,20k-25k,五险一金、年底双薪、带薪年假
深圳市金证优智科技有限公司,金证优智,15-50人,A轮,海淀区,Python开发工程师（数据处理）,1-3年,本科,15k-25k,人工智能公司技术发展前景广阔
北京奥鹏远程教育中心有限公司,慕课网,50-150人,不需要融资,海淀区,python讲师,3-5年,不限,18k-36k,"领导好,奖金多,行业翘楚,无限可能"
赤子城网络技术（北京）有限公司,赤子城,150-500人,D轮及以上,朝阳区,中高级Python开发工程师（广告方向）,3-5年,本科,20k-30k,"七险一金,8天年假,团队氛围好,学习空间大"
北京世相科技文化有限公司,新世相,150-500人,B轮,朝阳区,大数据开发工程师【Python】,3-5年,本科,15k-25k,"大咖多,氛围好"
北京汇游科技有限公司,汇游科技,15-50人,不需要融资,朝阳区,中高级Python爬虫工程师,3-5年,本科,20k-30k,"五险一金,餐补,全勤奖,年终奖金"
唐山正信制冷设备维修有限公司,正信,50-150人,未融资,东城区,Python技术经理,5-10年,本科,30k-50k,弹性制
北京智者天下科技有限公司,知乎,500-2000人,D轮及以上,海淀区,Python平台开发工程师,不限,本科,22k-35k,"三餐,健身房,mac"
北京自造星球科技有限公司,牛顿Newton,50-150人,不需要融资,朝阳区,高级Python研发工程师,3-5年,本科,15k-30k,"区块链,高成长"
上海一起作业信息科技有限公司,一起科技,500-2000人,D轮及以上,朝阳区,Python内容库开发工程师（技术）,不限,本科,15k-30k,"环境好,待遇高"
图玛深维医疗科技（北京）有限公司,图玛深维,50-150人,B轮,朝阳区,Python/Golang开发工程师,3-5年,本科,15k-30k,"技术大牛,AI,弹性工作,氛围良好"
博易智软（北京）技术股份有限公司,博易智软,150-500人,上市公司,海淀区,数据挖掘/算法工程师(R或Python）,3-5年,本科,15k-25k,"节日福利,餐补,年终奖,过节福利"
北京完美创意科技有限公司,更美APP,150-500人,D轮及以上,朝阳区,Python后端开发工程师,1-3年,本科,15k-30k,"弹性时间,技术大牛,公司旅游,福利齐全"
达内时代科技集团有限公司,达内集团,2000人以上,上市公司,海淀区,Python高级开发工程师 (MJ003815),3-5年,本科,15k-25k,"股权激励,上市平台,发展空间,大平台"
北京贝斯平云科技有限公司,Bespin,150-500人,B轮,朝阳区,Python开发工程师—监控方向,3-5年,本科,15k-30k,"五险一金,创业公司,补充医疗,带薪年假"
北京八维研修学院,北京八维研修学院,2000人以上,未融资,海淀区,Python教学研发经理,3-5年,大专,18k-35k,"五险一金,带薪年假"
非凡维格（北京）信息科技有限公司,Weego Travel,15-50人,B轮,朝阳区,Python工程师-服务器端,1-3年,本科,15k-30k,"国际产品,大牛亲带,带薪年假,开放办公"
北京七彩焕腾科技有限公司,七彩焕腾,150-500人,B轮,朝阳区,架构师（Python）,5-10年,本科,30k-40k,bat
深圳晶泰科技有限公司,晶泰科技,50-150人,C轮,海淀区,Python后台开发,1-3年,本科,10k-18k,"工作居住证,五险一金,带薪年假,MIT大牛"
福州必全网络科技有限公司,必全网络,15-50人,天使轮,朝阳区,python程序员（实习生）,应届毕业生,本科,3k-4k,五险一金；包住宿
达内时代科技集团有限公司,达内集团,2000人以上,上市公司,海淀区,高级Python开发工程师,3-5年,本科,15k-25k,"五险一金,周末双休,绩效奖金,上市公司"
小叶子（北京）科技有限公司,The ONE,500-2000人,C轮,朝阳区,高级Python,3-5年,本科,20k-30k,"五险一金,交通补助,午晚餐"
北京贝斯平云科技有限公司,Bespin,150-500人,B轮,朝阳区,高级Python开发工程师—CI/CD方向,3-5年,本科,20k-40k,"五险一金,创业公司,发展空间大,补充医疗"
北京果壳互动科技传媒有限公司,果壳网,150-500人,C轮,朝阳区,后端技术经理（Python web）,5-10年,本科,20k-40k,"三餐,七险一金,海外游,核心团队"
武汉皮皮外语网络科技有限公司,皮皮外语,15-50人,未融资,海淀区,Python后端高级开发工程师,5-10年,本科,10k-15k,"弹性工作制,发展空间大,五险一金"
北京数盾信息科技有限公司,数盾科技,50-150人,天使轮,丰台区,存储研发工程师-python,1-3年,大专,8k-10k,"氛围好,领导好,核心产品,空间大"
北京奇艺世纪科技有限公司,爱奇艺,2000人以上,上市公司,海淀区,Python高级开发工程师,3-5年,本科,20k-40k,"互联网大厂,成长空间,超强团队,氛围浓厚"
北京联拓世纪管理咨询有限公司,联拓世纪,50-150人,未融资,海淀区,python/java高级后端开发工程师,3-5年,本科,20k-40k,发展空间大。老板nice 弹性工作时间
北京格上添富科技发展有限公司,格上添富,150-500人,不需要融资,朝阳区,Python应届毕业生,不限,本科,5k-8k,弹性工作、水果零食
北京江山如画网路科技有限责任公司,江山如画网络科技,少于15人,天使轮,海淀区,Python后端开发,1-3年,本科,10k-20k,"提供住宿,晋升空间,五险一金,技术大牛带"
北京未来光合科技有限公司,未来光合,,,海淀区,Python高级软件工程师,3-5年,本科,25K-35K,硅谷风格，水果饮料，股票期权，每月团建
北京八维研修学院,北京八维研修学院,2000人以上,未融资,海淀区,python讲师,3-5年,大专,10k-20k,五险一金，带薪年假
北京中公教育科技股份有限公司,中公教育,2000人以上,未融资,海淀区,Python高级讲师,1-3年,本科,10k-20k,"五险一金,绩效奖金,周末双休,免费午餐"
深圳市金证优智科技有限公司,金证优智,15-50人,A轮,海淀区,Python开发工程师（后台开发）,1-3年,本科,15k-30k,人工智能公司技术发展前景广阔
北京链家房地产经纪有限公司立水桥北路店,链家,2000人以上,不需要融资,海淀区,Python高级开发,3-5年,本科,50k-80k,"15薪,发展平台"
北京贝斯平云科技有限公司,Bespin,150-500人,B轮,朝阳区,Python开发工程师（运维开发）,3-5年,本科,15k-30k,"五险一金,位置便利,成长空间,弹性工作"
在线途游（北京）科技有限公司,途游,150-500人,B轮,朝阳区,python服务器,3-5年,本科,18k-35k,"千万级用户,工作氛围好,年终奖金,各种团"
北京云杉智达科技有限公司,云杉智达科技,15-50人,不需要融资,海淀区,Python后端开发,1-3年,本科,10k-18k,提供住宿、五险一金、晋升空间
北京深极智能科技有限公司,深极智能,少于15人,天使轮,海淀区,python开发（可转强化学习研究员）,不限,本科,15k-30k,"上升空间大,项目创新,团队气氛佳"
创新奇智（北京）科技有限公司,创新奇智,50-150人,天使轮,海淀区,中级python开发工程师,1-3年,本科,15k-30k,"优质团队,商业资源,发展空间大"
北京小度互娱科技有限公司,百度视频,150-500人,B轮,海淀区,Python开发实习生,应届毕业生,本科,3k-4k,团队优秀
五八到家有限公司,五八到家有限公司,2000人以上,A轮,朝阳区,运维开发(Python方向),1-3年,本科,15k-30k,福利待遇、发展前景
北京靠谱筹信息技术有限公司,靠谱投,50-150人,A轮,西城区,Python后端工程师,1-3年,本科,8k-15k,"年底双薪,期权,无猪队友,美食轰炸"
北京豆网科技有限公司,豆瓣网,150-500人,C轮,朝阳区,后端工程师（Python）,3-5年,本科,20k-35k,"五险一金,补充医疗"
博飞信息科技（上海）有限公司,博飞,15-50人,天使轮,朝阳区,云迁移平台Python开发高级工程师,5-10年,本科,15k-30k,"地铁附近,扁平化管理,公司氛围好,股票期权"
永杨安风（北京）科技有限公司,LBE 科技,50-150人,B轮,朝阳区,资深Python工程师,5-10年,本科,35k-45k,"移动互联网,绩效奖金,妹子多,国外团建"
北京好赞移动科技有限公司,nice,50-150人,C轮,朝阳区,高级python开发工程师,3-5年,本科,25k-45k,"项目前景好,团队水平高,技能提升"
颐邦（北京）医院管理有限公司,颐邦科技,少于15人,天使轮,海淀区,python研发实习生,应届毕业生,本科,4k-8k,全清华团队，薪酬高，福利好
奇虎360科技有限公司,360,2000人以上,上市公司,朝阳区,Python高级服务端开发工程师,3-5年,本科,30k-50k,"扁平化,职位空间大,薪资福利优,团队氛围好"
高德软件有限公司,阿里巴巴-高德,2000人以上,上市公司,朝阳区,python高级工程师/开发专家（共享出行）,3-5年,本科,20k-40k,"阿里福利,工作氛围好"
北京丝路互动科技有限公司,丝路互动,50-150人,上市公司,海淀区,python工程师（爬虫）,3-5年,本科,15k-20k,周末双休 五险一金
上海清鹤科技股份有限公司,清鹤科技,150-500人,上市公司,昌平区,资深后台开发工程师（python/C/C++),5-10年,本科,18k-30k,"老板nic,扁平化,团队活跃,年底奖金"
北京粉笔未来科技有限公司,猿辅导,500-2000人,D轮及以上,朝阳区,python课程助教,1-3年,本科,6k-9k,"发展空间大,福利待遇好,扁平管理,地铁周边"
北京墨云科技有限公司,墨云科技,15-50人,A轮,海淀区,Python后端开发工程师,3-5年,本科,15k-30k,"五险一金,弹性工作,餐补,带薪年假"
北京推想科技有限公司,推想科技,150-500人,B轮,朝阳区,python实习生 (MJ000225),不限,本科,4k-8k,"人工智能,快速成长,弹性工作,团队牛B"
成安（北京）科技发展有限公司,成安科技,15-50人,天使轮,朝阳区,高级Python开发工程师,3-5年,本科,15k-30k,"五险一金,补贴补助,年底14薪,氛围好"
北京分享动力网络科技有限公司,分享动力,15-50人,不需要融资,海淀区,python后端开发工程师,1-3年,本科,10k-20k,向架构方向培养
北京通力互联技术服务有限公司,通力互联,2000人以上,不需要融资,海淀区,后端Python开发,应届毕业生,本科,10k-15k,"大牛多,免费早晚餐,免费班车,领导好"
达内时代科技集团有限公司,达内集团,2000人以上,上市公司,海淀区,少儿编程Python讲师,5-10年,本科,20k-30k,"五险一金,优秀团队,绩效奖金"
北京创源微致软件有限公司,创源微致,500-2000人,不需要融资,海淀区,python后端开发工程师,5-10年,本科,20k-40k,"发展前景,丰厚年终奖,五险一金,良好氛围"
北京彩亿达网络科技有限公司,彩亿达,15-50人,未融资,通州区,python少儿编程讲师,3-5年,本科,12k-24k,上升空间巨大
北京优思安科技有限公司,积云教育,150-500人,A轮,昌平区,Python高级讲师,3-5年,本科,20k-30k,"五险一金,餐补,周末双休,班车接送"
北京三快在线科技有限公司,美团点评,2000人以上,D轮及以上,朝阳区,数据平台研发Python工程师,3-5年,本科,25k-45k,"氛围好,平台大,福利好"
北京开课吧科技有限公司,开课吧,500-2000人,C轮,海淀区,python讲师（全职、兼职都可）,5-10年,本科,25k-45k,"弹性工作制,省外游"
乐视网信息技术（北京）股份有限公司,乐融集团,2000人以上,上市公司,朝阳区,【2019校招】助理软件开发工程师（python),应届毕业生,本科,10k-14k,"午餐补助,交通 补助,通讯补助,补充医疗"
北京格上添富科技发展有限公司,格上添富,150-500人,不需要融资,朝阳区,Python实习生,不限,本科,6k-12k,水果零食、弹性工作、扁平化管理
成都市止于至善文化传媒有限公司,止于至善文化,15-50人,不需要融资,朝阳区,高级Python后端工程师,不限,本科,25k-50k,14-16薪
微梦创科网络科技（中国）有限公司,新浪微博,2000人以上,上市公司,海淀区,04537-数据系统开发工程师(Python),1-3年,本科,20k-35k,大平台
北京数城未来科技有限公司,数城未来,少于15人,未融资,朝阳区,Python Web开发工程师,不限,本科,12k-20k,补充保险；有竞争力的待遇；
五洲万象（北京）科技有限公司,Baca,50-150人,C轮,海淀区,Python开发实习生,应届毕业生,硕士,7k-8k,"出海项目,大牛带队,氛围轻松,零食饮料"
北京棕榈创想科技有限公司,PALMAX,50-150人,A轮,海淀区,Python开发工程师（广告产品）,1-3年,本科,15k-20k,"技术新,高激励,试用期全薪"
北京挖优狗科技有限公司,挖优狗,少于15人,不需要融资,朝阳区,Python数据处理工程师,1-3年,本科,10k-20k,"清华团队,金融科技,成长空间大,技术先进"
北京粉笔未来科技有限公司,猿辅导,500-2000人,D轮及以上,朝阳区,编程讲师（python系统班）,1-3年,本科,15k-20k,"发展空间大,福利待遇大,扁平化管理,年底旅行"
北京微笑科技有限公司,微笑科技,50-150人,A轮,海淀区,Python 游戏服务端开发,1-3年,本科,20k-25k,"五险一金,零食下午茶,中晚住家饭,定期团建"
绫致时装（天津）有限公司,绫致时装（天津）有限公司,2000人以上,不需要融资,朝阳区,高级零售系统工程师 （Python工程师）,5-10年,本科,15k-20k,"大平台,新零售系统"
北京艺富科技有限公司,艺富,15-50人,未融资,昌平区,Python/C++算法工程师,1-3年,本科,13k-26k,"五险一金,绩效奖金"
中国科学院信息工程研究所,中科院信工所,500-2000人,不需要融资,海淀区,物联网安全分析C和Python实习生,应届毕业生,本科,6k-8k,"班车直达,中科院导师,免费体检,可做毕设"
北京晟程华科教育科技有限公司,尚硅谷,500-2000人,未融资,昌平区,Python讲师,3-5年,大专,30k-50k,"领导棒,发展空间大,年底分红,扁平管理"
亚马逊卓越有限公司,Amazon,500-2000人,不需要融资,朝阳区,Python Developer,3-5年,本科,25k-50k,"硅谷文化,产品影响力,团队大牛"
联通大数据有限公司,联通大数据,150-500人,不需要融资,东城区,Python运维开发工程师,3-5年,本科,15k-25k,"锻炼思维,能力提升,地铁站旁,扁平化管理"
环球赛乐（北京）科技有限公司,赛氪,15-50人,A轮,昌平区,python讲师,3-5年,本科,10k-20k,底薪加提成
北京世纪好未来教育科技有限公司,好未来,2000人以上,上市公司,海淀区,Python后端架构师,5-10年,本科,35k-70k,"上市公司,大牛团队,福利优厚,晋升空间大"
湖北橙家装饰工程有限公司,橙家装饰,50-150人,天使轮,海淀区,Python后端开发工程师,3-5年,本科,20k-40k,"行业前沿,AI赋能,人工智能"
上海倾听信息技术有限公司,蜻蜓FM,150-500人,D轮及以上,朝阳区,Python 后端开发（北京）,1-3年,本科,18k-36k,发展前景优，工作氛围轻松
深圳市丽晶美成商业咨询有限公司,丽晶美成,15-50人,未融资,海淀区,python后端,3-5年,本科,19k-38k,知名互联网企业
北京粉笔未来科技有限公司,猿辅导,500-2000人,D轮及以上,朝阳区,python助教实习生,1年以下,本科,4k-6k,"一带一帮带,独角兽行业"
北京诸葛找房信息技术有限公司,诸葛找房网,150-500人,B轮,朝阳区,Python架构师,5-10年,本科,30k-50k,"六险一金,住房补贴,节日福利,一日三餐"
青岛一只猫科技有限公司,一只猫科技,15-50人,未融资,朝阳区,python爬虫,5-10年,本科,15k-16k,"工作时间自由
高额的回报
股份分成"
北京市海淀区八维计算机培训学校,北京八维研修学院,2000人以上,未融资,海淀区,Python项目经理,3-5年,大专,20k-30k,五险一金，寒假，房补，饭补，节日福利
合一信息技术（北京）有限公司,合一信息技术（优酷）,500-2000人,上市公司,朝阳区,高级Python后端工程师,3-5年,本科,25k-50k,"大牛多,成长快,专属福利"
北京金山云网络技术有限公司,金山云,500-2000人,D轮及以上,海淀区,运维开发工程师（监控系统，go/python）,3-5年,本科,18k-35k,"行业前三,年终奖,不打卡,免费三餐"
深圳前海川谷信息技术有限公司,川谷金融科技,15-50人,天使轮,朝阳区,python算法工程师,1-3年,本科,10k-20k,五险一金 优秀团队 带薪年假
北京希子教育科技有限公司,希子教育,50-150人,A轮,海淀区,高级Python后端工程师,1-3年,本科,20k-30k,"氛围愉快,竞争力薪酬,弹性工作,快速成长"
恒爱高科（北京）科技有限公司,恒爱高科,15-50人,天使轮,海淀区,Python 后台工程师,1年以下,本科,5k-10k,"潜力大,钱多,技术先进,有实力"
北京聪明核桃教育科技有限公司,聪明核桃教育,50-150人,A轮,海淀区,少儿编程python课程设计师,不限,不限,15k-30k,氛围好，福利好，弹性工作，无加班文化
