公司全名,公司简称,公司规模,融资阶段,区域,职位名称,工作经验,学历要求,工资,职位福利
北京捷通华声科技股份有限公司,捷通华声,150-500人,不需要融资,海淀区,运维工程师,1-3年,本科,8k-15k,五险一金、绩效工资、项目奖金、半年调薪
北京酷鱼畅享科技有限公司,COOLFISH GAMES,50-150人,不需要融资,朝阳区,运维工程师,3-5年,本科,18k-25k,"五险一金,不加班,免费健身房"
北京陌陌科技有限公司,陌陌,500-2000人,上市公司,朝阳区,运维工程师（19届）,应届毕业生,本科,12k-24k,"每日下午茶,舒适的环境,可爱的伙伴"
四众互联（北京）网络科技有限公司,四众互联,50-150人,不需要融资,丰台区,运维工程师,3-5年,本科,10k-20k,"扁平管理,七险一金,团队氛围好"
北京区块节点科技有限公司,区块节点,15-50人,不需要融资,朝阳区,运维工程师,不限,本科,15k-25k,"期权激励,年底多薪,绩效奖金,弹性工时"
用友网络科技股份有限公司,用友,2000人以上,上市公司,海淀区,运维工程师,5-10年,本科,17k-26k,"五险一金,餐补,公司氛围好,最多5个字"
小船出海教育科技（北京）有限公司,作业帮,2000人以上,C轮,海淀区,资深运维工程师(J10973),3-5年,本科,25k-30k,"平台好,福利好"
易见天树科技（北京）有限公司,易见天树,15-50人,上市公司,海淀区,PaaS平台开发与运维工程师,3-5年,本科,25k-50k,"六险一金,扁平管理,外企风格,不打卡"
北京瓴岳信息技术有限公司,洋钱罐,150-500人,不需要融资,朝阳区,运维工程师,3-5年,本科,20k-30k,"技术大牛多,技术驱动型,弹性工作,午餐晚餐"
深圳天宏迅联科技发展有限公司,天宏迅联,50-150人,不需要融资,海淀区,运维工程师,3-5年,本科,15k-25k,"福利多多,项目前景好,团队氛围好,老板棒棒哒"
北京金山云网络技术有限公司,金山云,500-2000人,D轮及以上,海淀区,运维工程师,5-10年,本科,10k-20k,"中国前三,包三餐"
北京中电博亚科技有限公司,中电博亚,50-150人,A轮,海淀区,运维工程师,1-3年,本科,10k-18k,"五险一金,带薪年假,周末双休,节日福利"
上海蔚来汽车有限公司,NIO蔚来,2000人以上,D轮及以上,朝阳区,运维工程师,1-3年,本科,20k-40k,"六险一金,弹性办公,租房补贴,学霸团队"
税友软件集团股份有限公司,税友软件,2000人以上,不需要融资,丰台区,运维工程师,3-5年,大专,10k-20k,"运维,linux"
海外网传媒有限公司,海外网,150-500人,不需要融资,朝阳区,高级运维工程师,5-10年,本科,10k-15k,五险一金；带薪年假；补充医疗；防暑降温费
北京捷通华声科技股份有限公司,捷通华声,150-500人,不需要融资,海淀区,高级运维工程师,3-5年,本科,10k-20k,人工智能 项目奖金 五险一金 半年调薪
北京旷视科技有限公司,Face++,500-2000人,C轮,海淀区,运维工程师,3-5年,本科,15k-30k,"人工智能,弹性工作,牛人团队"
北京瓴岳信息技术有限公司,洋钱罐,150-500人,不需要融资,朝阳区,业务运维工程师,3-5年,本科,18k-30k,"十四薪,六险一金,弹性工作制,午餐晚餐"
极晨智道信息技术（北京）有限公司,极晨智道信息技术有限公司,150-500人,未融资,朝阳区,运维工程师,3-5年,本科,10k-13k,国企环境 氛围极好 领导亲和 大咖如云
北京金山云网络技术有限公司,金山云,500-2000人,D轮及以上,海淀区,运维工程师,3-5年,本科,20k-35k,"16薪,免费三餐,七险一金,不打卡"
北京互连众信科技有限公司,资产360,500-2000人,D轮及以上,朝阳区,运维工程师,3-5年,本科,10k-20k,"六险一金,弹性工作时,年底多薪,自助午餐"
北京因果树网络科技有限公司,InnoTREE,50-150人,B轮,海淀区,运维工程师,3-5年,本科,15k-25k,氛围好
央视国际视频通讯有限公司,CGTN,150-500人,不需要融资,朝阳区,运维工程师,3-5年,本科,13k-25k,"六险一金,免费午餐,高大上,平台大"
北京博智天下信息技术有限公司,朗播网,150-500人,B轮,海淀区,高级运维工程师,5-10年,本科,20k-40k,"免费健身,股票期权,带薪年假,集体旅行"
北京鼓掌移动科技有限公司,光量科技,15-50人,A轮,朝阳区,运维工程师,1-3年,本科,10k-20k,"行业先锋,六险一金,成长空间大,优秀团队"
贝壳找房（北京）科技有限公司,贝壳,2000人以上,C轮,海淀区,SRM 开发/运维工程师,5-10年,本科,30k-50k,"15薪,健身房,免费三餐,班车"
炫一下（北京）科技有限公司,一下科技,500-2000人,D轮及以上,朝阳区,运维工程师,3-5年,本科,30k-40k,需要3位，18薪 有期权，入职有1万红包
北京云京科技有限公司,云京,15-50人,不需要融资,大兴区,高级运维工程师,5-10年,本科,15k-25k,京东投资，国家支持，行业未来，机遇难得
哈弗汽车租赁有限公司,哈弗租赁,50-150人,不需要融资,丰台区,系统运维工程师,1-3年,本科,10k-20k,"五险一金,弹性工作,全勤奖,14薪"
乐约电子科技（上海）有限公司北京分公司,乐约健康,150-500人,C轮,东城区,运维工程师,3-5年,本科,25k-35k,"弹性工作制,带薪假期,高薪企业,五险一金"
北京瓴岳信息技术有限公司,洋钱罐,150-500人,不需要融资,朝阳区,高级运维工程师,3-5年,本科,20k-30k,"技术大牛多,定期体检,弹性工作,年底双薪"
北京金山云网络技术有限公司,金山云,500-2000人,D轮及以上,海淀区,运维工程师,3-5年,本科,15k-25k,"发展空间大,公司规模大,免费三餐,健身房"
北京果壳互动科技传媒有限公司,果壳网,150-500人,C轮,朝阳区,高级运维工程师,3-5年,本科,15k-25k,"免费三餐,七险一金,弹性工作,发展前景"
北京崔玉涛儿童健康管理中心有限公司,育学园,150-500人,C轮,朝阳区,高级系统运维工程师,3-5年,本科,18k-25k,六险一金 年底双薪
北京游道易网络文化有限公司,游道易,50-150人,B轮,朝阳区,运维工程师,1-3年,本科,12k-15k,五险一金 弹性工作 优惠午餐
北京领主科技有限公司,领主,15-50人,A轮,海淀区,运维工程师,3-5年,本科,10k-20k,"新技术,前景广阔,五险一金,免费零食"
便利蜂商贸有限公司,便利蜂,2000人以上,不需要融资,朝阳区,高级运维工程师(J10932),1-3年,大专,15k-30k,"薪资高,技术牛"
北京享阅教育科技有限公司,考拉阅读,150-500人,B轮,海淀区,运维工程师,3-5年,本科,15k-30k,"发展空间大,扁平管理"
锐波（北京）科技有限公司,波场TRON,150-500人,不需要融资,海淀区,高级运维工程师,3-5年,本科,30k-50k,"区块链技术,国际化团队,技术大牛,发展前景好"
泰康在线财产保险股份有限公司,泰康在线,500-2000人,不需要融资,昌平区,运维工程师,3-5年,本科,10k-15k,"弹性工作,福利待遇好,工作氛围好,发展空"
天津融宝支付网络有限公司,融宝支付,150-500人,不需要融资,东城区,系统运维工程师,3-5年,本科,18k-20k,"年底双薪,绩效奖金,六险一金,高额补贴"
北京汉迪移动互联网科技股份有限公司,iHandy,150-500人,不需要融资,海淀区,AWS运维工程师,3-5年,本科,15k-25k,"硅谷范办公,健身器材,水果零食,六险一金"
北京掌通未来科技有限公司,掌通未来,150-500人,不需要融资,海淀区,运维工程师,3-5年,本科,18k-30k,"五险一金,带薪年假,免费下午茶"
北京大圣互动科技有限公司,大圣互动,15-50人,B轮,朝阳区,运维工程师,3-5年,本科,12k-20k,"海外业务,全额公积金,高并发业务,一流团队"
中科弘清（北京）科技有限公司,中科弘清,15-50人,未融资,朝阳区,运维工程师,1-3年,本科,8k-10k,"六险一金,周末双休,节假日福利,地铁周边"
北京轻松筹网络科技有限公司,轻松筹,500-2000人,C轮,东城区,运维工程师,3-5年,大专,15k-25k,位置便利、五险一金、弹性工作
乐视网信息技术（北京）股份有限公司,乐融集团,2000人以上,上市公司,朝阳区,运维工程师,不限,本科,10k-20k,"六险一金,福利补贴,带薪病假,年底双薪"
杭州才云科技有限公司,Caicloud,50-150人,B轮,海淀区,资深软件实施和运维工程师,3-5年,本科,15k-30k,"谷歌团队,技术大牛,弹性工时,福利多多"
北京富通东方科技有限公司,富通东方,500-2000人,上市公司,海淀区,运维工程师,1-3年,本科,10k-15k,"五险一金,餐补,带薪年假,年度体检"
贵阳动视云科技有限公司,动视云科技,50-150人,A轮,海淀区,运维工程师,3-5年,本科,10k-20k,六险一金 每月团建 带薪年假 扁平管理
北京数美时代科技有限公司,数美,150-500人,B轮,朝阳区,运维工程师,1-3年,本科,15k-25k,"大牛如云,技术氛围,大佬领投,全员持股"
北京思享聚合科技有限公司,轻课,50-150人,A轮,朝阳区,运维工程师,3-5年,本科,10k-15k,福利待遇、发展前景
北京聚道科技有限公司,GeneDock,15-50人,B轮,海淀区,高级运维工程师,5-10年,本科,15k-30k,"五险一金,免费午餐,技术超前,团队融洽"
北京开普互联科技有限公司,开普互联,150-500人,未融资,海淀区,运维工程师,3-5年,本科,8k-15k,"政务项目,团队氛围好,公积金全额,试用期五险"
网联清算有限公司,网联,150-500人,不需要融资,西城区,运维工程师,1-3年,本科,15k-25k,"大平台,晋升通道多,高福利,扁平化"
北京星尘纪元智能科技有限公司,星尘数据,15-50人,A轮,朝阳区,运维工程师,不限,本科,10k-15k,"六险一金,10+年假"
广州哈奇智能科技有限公司北京分公司,哈奇智能,50-150人,不需要融资,朝阳区,运维工程师,3-5年,本科,10k-20k,"五险一金,年节礼金,弹性工作,工会福利"
北京作业盒子科技有限公司,作业盒子,500-2000人,C轮,朝阳区,高级运维工程师 (MJ000914),3-5年,本科,18k-36k,"年底多薪,氛围好"
北京明途真科技有限公司,ME2ZEN,50-150人,不需要融资,东城区,运维工程师,1-3年,本科,10k-20k,"六险一金,奢华境外游,自助午晚餐,年底多薪"
北京金山云网络技术有限公司,金山云,500-2000人,D轮及以上,海淀区,高级运维工程师,3-5年,本科,20k-40k,"免费三餐,免费班车,下午茶,节日福利"
北京轻松筹网络科技有限公司,轻松筹,500-2000人,C轮,东城区,运维工程师,3-5年,大专,10k-20k,"五险一金,位置好,福利好,零食多"
北京沃丰时代数据科技有限公司,Udesk－企业级智能客服平台,150-500人,C轮,,运维工程师,1-3年,本科,8k-15k,行业爆发期，团队强悍，待遇丰厚
爱笔（北京）智能科技有限公司,Aibee,50-150人,天使轮,海淀区,运维工程师,3-5年,本科,20k-40k,"创业公司,硅谷文化,精英团队,股权激励"
北京四方启点科技有限公司,四方启点,150-500人,未融资,海淀区,运维工程师,5-10年,本科,18k-25k,"福利好,待遇佳,地铁周边"
北京数字认证股份有限公司,BJCA,500-2000人,上市公司,海淀区,运维工程师,3-5年,本科,10k-15k,"国企福利,15薪,上市企业,周末双休"
北京金山云网络技术有限公司,金山云,500-2000人,D轮及以上,海淀区,高级运维工程师,3-5年,本科,20k-30k,"周末双休,免费食堂,优秀团队,假日福利"
北京金山软件有限公司,金山办公软件,2000人以上,上市公司,海淀区,运维工程师,1-3年,本科,10k-20k,"免费三餐,年终奖,免费健身房,年度旅游"
杭州翼心信息科技有限公司,杭州翼心信息科技有限公司,15-50人,A轮,西城区,运维工程师,3-5年,本科,13k-21k,"工作氛围好,职位空间大,薪涨幅快,地理位置好"
卓越运维（北京）科技有限公司,卓越运维,500-2000人,A轮,海淀区,运维工程师,3-5年,大专,6k-8k,发展空间大
贝壳找房（北京）科技有限公司,贝壳,2000人以上,C轮,海淀区,系统运维工程师,3-5年,本科,25k-50k,"15薪,大平台,三餐免费,健身房"
北京玩在一起科技有限公司,玩加电竞,15-50人,A轮,朝阳区,运维工程师,1-3年,大专,13k-26k,"技术大牛,管理扁平,14薪,福利好"
虫星（北京）科技有限公司,虫星,15-50人,A轮,海淀区,运维工程师,3-5年,本科,20k-40k,"硅谷团建,福利多,大牛多"
北京欧应信息技术有限公司,唯医网,150-500人,B轮,朝阳区,高级运维工程师,5-10年,本科,15k-20k,"大咖多多,发展空间大,团队氛围好,福利多多"
中信百信银行股份有限公司,百信银行,150-500人,不需要融资,朝阳区,运维工程师,3-5年,本科,20k-30k,"竞争性待遇,完善的福利"
北京瓴岳信息技术有限公司,洋钱罐,150-500人,不需要融资,朝阳区,高级业务运维工程师,3-5年,本科,20k-30k,"福利待遇好,技术驱动型,互联网金融,午餐晚餐"
北京互连众信科技有限公司,资产360,500-2000人,D轮及以上,朝阳区,高级运维工程师,3-5年,本科,10k-20k,"七险一金,优秀团队,年底多薪"
北京首都在线科技股份有限公司,CDS,150-500人,上市公司,海淀区,（7*24小时）一线运维工程师,1-3年,本科,7k-9k,"平台好,氛围好,福利好"
北京志凌海纳科技有限公司,SmartX,50-150人,B轮,海淀区,IT 运维工程师,3-5年,本科,9k-18k,"带薪年假,五险一金,弹性工作,月度餐补"
北京多点在线科技有限公司,多点在线,150-500人,C轮,海淀区,高级运维工程师,3-5年,本科,20k-30k,"技术大咖,气氛活跃,队友给力,环境优雅"
北京奇华通讯有限公司,奇华通讯,50-150人,不需要融资,东城区,运维工程师,1-3年,大专,6k-8k,"年终奖金,五险一金,餐补交补,高温补贴"
北京汇银丰网络技术有限公司,汇银丰网络,150-500人,C轮,西城区,运维工程师,1-3年,本科,8k-10k,独立负责运维工作、股权激励
北京千橡网景科技发展有限公司,人人网,2000人以上,上市公司,朝阳区,运维工程师,1-3年,大专,10k-20k,"上市公司,弹性工作制,六险一金"
北京友缘在线网络科技股份有限公司,友缘在线,150-500人,不需要融资,朝阳区,高级运维工程师,5-10年,本科,20k-30k,福利待遇
北京京东世纪贸易有限公司,京东集团,2000人以上,上市公司,通州区,运维工程师,不限,本科,25k-50k,"双休,班车,饭补,全勤奖"
深圳市赢时胜信息技术股份有限公司,赢时胜软件,500-2000人,上市公司,东城区,运维工程师,1-3年,本科,7k-14k,"上市公司,金融软件,领导好"
泛华保险服务销售集团有限公司,泛华金融控股集团,500-2000人,上市公司,朝阳区,系统运维工程师,1-3年,本科,10k-15k,"多元化项目,发挥空间大"
北京展心展力信息科技有限公司,展心展力,50-150人,A轮,朝阳区,开发运维工程师,3-5年,本科,10k-20k,"高期权,环境好,福利好"
北京巨洲云科技有限公司,巨洲云科技,150-500人,上市公司,朝阳区,运维工程师,1年以下,本科,15k-25k,"团队好,平台稳定,福利完善"
北京八分量信息科技有限公司,八分量,15-50人,天使轮,海淀区,运维工程师,1-3年,本科,15k-25k,"狼性团队,五险一金,节日福利,带薪休假"
北京爱声声科技有限公司,冲顶,50-150人,B轮,朝阳区,运维工程师,3-5年,本科,15k-30k,"免费午晚餐,各项补助,年终奖"
天津益阳煜赢网络科技有限公司,云账户,150-500人,B轮,朝阳区,高级运维工程师,3-5年,本科,15k-30k,"带薪年假,周末双休,弹性工作,年终奖金"
北京掌通未来科技有限公司,掌通未来,150-500人,不需要融资,海淀区,高级运维工程师,3-5年,本科,15k-25k,五险一金、弹性时间、奖金、团建、节日福利
百度在线网络技术（北京）有限公司,百度,2000人以上,不需要融资,海淀区,百度-运维工程师,不限,本科,20k-40k,"薪资待遇好,平台大,环境好"
北京智借网络科技有限公司,智借网络科技,50-150人,未融资,海淀区,运维工程师,1-3年,本科,6k-8k,团队氛围好
北京迅达云成科技有限公司,SpeedyCloud,50-150人,B轮,朝阳区,SD-WAN运维工程师,1-3年,大专,8k-15k,"地铁周边,六险一金,扁平管理,带薪年假"
美通云动（北京）科技有限公司,红芯,150-500人,C轮,海淀区,运维工程师,3-5年,大专,15k-25k,"15薪起,五险一金,技术氛围佳,管理扁平"
深圳四方精创资讯股份有限公司,深圳四方精创,500-2000人,上市公司,海淀区,运维工程师,不限,本科,6k-9k,"五险一金,员工旅游,绩效奖金"
北京心更远科技发展有限公司,火花思维,150-500人,B轮,朝阳区,运维工程师,3-5年,本科,20k-30k,"扁平管理,试用期全额,七险一金,弹性工作"
北京人大金仓信息技术股份有限公司,人大金仓,150-500人,不需要融资,朝阳区,运维工程师,不限,本科,10k-20k,"六险一金,国有企业,交补饭补,弹性工作制"
上海蔚来汽车有限公司,NIO蔚来,2000人以上,D轮及以上,朝阳区,应用运维工程师,3-5年,本科,20k-40k,"六险一金,弹性办公,租房补贴,学霸团队"
北京数猎天下科技有限公司,DataHunter,50-150人,A轮,海淀区,运维工程师,不限,本科,10k-20k,"五道口,数据可视化,技术大牛,下午茶"
中国民航信息网络股份有限公司研发中心运价系统研发部,中国航信,2000人以上,不需要融资,顺义区,运维工程师,1-3年,本科,8k-15k,"大型项目,央企,有宿舍"
北京东方红航天生物技术股份有限公司,北京东方红航天生物,150-500人,未融资,海淀区,运维工程师,1-3年,本科,6k-8k,"国企,五险一金,弹性工作,发展空间大"
北京网利科技有限公司,网利宝,150-500人,B轮,朝阳区,运维工程师,3-5年,大专,15k-20k,氛围好
岩心科技（深圳）有限公司,AKULAKU,500-2000人,C轮,朝阳区,运维工程师,1-3年,不限,5k-9k,国际化团队、东南亚独角兽
北京五八到家信息技术有限公司,58到家,50-150人,天使轮,朝阳区,资深运维工程师,5-10年,本科,20k-35k,发展空间大 晋升机会多 福利满满
央视国际网络有限公司,央视网,500-2000人,上市公司,海淀区,运维工程师,1-3年,不限,6k-10k,技术快速成长
中电科华云信息技术有限公司,电科华云,150-500人,A轮,海淀区,中级运维工程师,3-5年,大专,10k-18k,"云计算,大数据,运维"
九一金融信息服务（北京）有限公司,91科技集团,150-500人,C轮,西城区,运维工程师,1-3年,大专,10k-15k,"五险一金,餐补,团建"
北京轻松筹网络科技有限公司,轻松筹,500-2000人,C轮,东城区,资深运维工程师,3-5年,大专,15k-30k,五险一金 mac办公 弹性工作
晋商博创（北京）科技有限公司,博创科技,15-50人,不需要融资,丰台区,云实施运维工程师,5-10年,本科,20k-40k,"工作气氛好,技术环境好"
北京清帆科技有限公司,清帆科技,15-50人,A轮,海淀区,运维工程师,3-5年,本科,10k-20k,"年13薪,期权激励,优秀团队,晋升空间大"
北京聚道科技有限公司,GeneDock,15-50人,B轮,海淀区,高级运维工程师,3-5年,本科,15k-25k,"五险一金,带薪年假,午餐零食,团队氛围好"
北京小药药人工智能科技有限公司,小药药,500-2000人,B轮,朝阳区,运维工程师,3-5年,大专,15k-25k,平台大
上海微创软件股份有限公司北京分公司,微创,2000人以上,不需要融资,海淀区,开发运维工程师-赴微软,1-3年,本科,8k-11k,"微软办公,弹性工作,六险一金,带薪年假"
北京拾级科技有限公司,小咖,50-150人,A轮,朝阳区,IT运维工程师,1-3年,本科,6k-10k,"带薪年假,弹性工作,节日福利,晋升空间大"
大象慧云信息技术有限公司,大象慧云,150-500人,不需要融资,海淀区,高级运维工程师,3-5年,本科,8k-15k,"五险一金,补充医疗,弹性工作,周末双休"
北京世纪好未来教育科技有限公司,好未来,2000人以上,上市公司,海淀区,系统运维工程师,3-5年,本科,15k-30k,"大牛多,平台广,薪酬福利佳"
北京修齐治平科技有限公司,爱云校,500-2000人,C轮,朝阳区,运维工程师-数据方向,5-10年,本科,20k-30k,"六险一金,带薪年假,技术大牛"
天津益阳煜赢网络科技有限公司,云账户,150-500人,B轮,朝阳区,高级运维工程师,3-5年,本科,20k-40k,"五险一金,带薪年假,节日福利,年度体检"
北京奇天大胜网络科技有限公司,72变,50-150人,A轮,海淀区,运维工程师,1-3年,本科,8k-12k,"项目前景好,五险一金"
北京创智优品科技有限公司,Zenjoy,150-500人,不需要融资,东城区,运维工程师,1-3年,本科,10k-20k,"六险一金,包午晚餐,出国旅行,年底双薪"
北京易点淘网络技术有限公司,易点租,500-2000人,D轮及以上,海淀区,运维工程师,3-5年,本科,20k-40k,"D轮融资,14薪,运维，弹性时间，餐补"
凤凰飞扬（北京）新媒体信息技术有限公司,凤凰网,2000人以上,上市公司,朝阳区,大数据运维工程师,3-5年,本科,20k-30k,"餐补,班车,不加班,节日福利"
北京曜辉信息科技有限公司,曜辉科技,15-50人,未融资,朝阳区,运维工程师,1-3年,本科,10k-20k,"不打卡,高成长,有零食,扁平化"
搜知云（北京）教育科技有限公司,搜知云,50-150人,不需要融资,朝阳区,运维工程师,1-3年,本科,8k-16k,"扁平化管理,独当一面,朝阳行业"
中国环球租赁有限公司,环球医疗,500-2000人,上市公司,西城区,运维工程师,3-5年,本科,10k-20k,"朝阳行业,氛围和谐,发展空间,BOSS牛"
北京轻元科技有限公司,轻元科技,15-50人,A轮,昌平区,运维工程师,3-5年,本科,10k-15k,"大牛绑带,成熟产品,云计算,程序员文化"
北京世纪好未来教育科技有限公司,好未来,2000人以上,上市公司,海淀区,运维安全部-运维工程师,3-5年,大专,15k-30k,免费晚餐，免费水果，企业滴滴
玖富金科控股集团有限责任公司,玖富集团,2000人以上,D轮及以上,朝阳区,资深运维工程师,3-5年,本科,20k-30k,大平台
光环有云（北京）网络服务有限公司,光环有云,15-50人,不需要融资,朝阳区,运维工程师,1-3年,本科,8k-12k,"发展空间大,福利丰厚,弹性工时"
南京木清维兴信息技术有限公司,南京木清维兴,15-50人,A轮,海淀区,高级运维工程师,1-3年,本科,15k-30k,五险一金 免费午餐 行业大牛
北京修齐治平科技有限公司,爱云校,500-2000人,C轮,朝阳区,运维工程师-应用方向,3-5年,本科,15k-20k,"百度T11,六险一金,12天年假"
蓝信移动（北京）科技有限公司,蓝信移动（北京）科技有限公司,150-500人,B轮,朝阳区,高级运维工程师,5-10年,本科,15k-25k,"360旗下,靠谱平台,薪资福利好,技术成长多"
上海媒智科技有限公司,媒智科技,15-50人,不需要融资,朝阳区,运维工程师,1-3年,本科,6k-8k,"股权激励,成长空间,人性化管理,氛围好"
卓越运维（北京）科技有限公司,卓越运维,500-2000人,A轮,海淀区,系统运维工程师,1-3年,大专,4k-6k,"五险一金,发展前景好,加班补助,福利多多"
北京数美时代科技有限公司,数美,150-500人,B轮,朝阳区,运维工程师,1-3年,本科,15k-25k,"大牛如云,技术氛围,大佬领投,全员持股"
北京承启通科技有限公司,承启通,150-500人,不需要融资,石景山区,运维工程师,3-5年,本科,15k-25k,发展空间
特斯联（北京）科技有限公司,特斯联,150-500人,B轮,朝阳区,运维工程师,3-5年,大专,12k-18k,"发展,成长"
达飞云贷科技（北京）有限公司,达飞云贷,2000人以上,不需要融资,朝阳区,运维工程师,3-5年,本科,15k-30k,"平台大,项目佳,领导好,晋升快"
北京三快在线科技有限公司,美团点评,2000人以上,D轮及以上,朝阳区,高级运维工程师,1-3年,硕士,25k-40k,"期权,带薪假"
北京红赢科技有限公司,红赢科技,50-150人,不需要融资,海淀区,运维工程师,5-10年,本科,20k-30k,"五险一金,科技创新"
北京庖丁科技有限公司,庖丁科技,50-150人,A轮,朝阳区,运维工程师,不限,本科,10k-20k,"五险一金,弹性工作,自助午餐,下午茶"
上海道客网络科技有限公司,DAOCLOUD,150-500人,B轮,海淀区,高级运维工程师,3-5年,本科,15k-25k,"大牛环绕,弹性工作,福利优厚"
北京云联万维技术有限公司,云联万维,15-50人,天使轮,朝阳区,云运维工程师,3-5年,本科,15k-30k,"团队给力,绩效奖金,弹性工作,福利齐全"
北京数猎天下科技有限公司,DataHunter,50-150人,A轮,海淀区,高级运维工程师,3-5年,不限,17k-33k,"五道口,数据可视化,技术大牛,下午茶"
北京连山科技股份有限公司,连山,150-500人,未融资,海淀区,运维工程师,1-3年,本科,10k-15k,六险一金，周末双休，带薪年假，免费午餐
南京蓝鲸人网络科技有限公司,美篇,50-150人,B轮,海淀区,高级运维工程师,3-5年,本科,20k-30k,"10点上班,扁平管理,牛人多,工作日出游"
北京正奇联讯科技有限公司,正奇联讯,150-500人,上市公司,朝阳区,运维工程师,1-3年,本科,4k-7k,"五险一金,补充医疗,平台大,上升空间大"
大象慧云信息技术有限公司,大象慧云,150-500人,不需要融资,海淀区,运维工程师,3-5年,本科,10k-18k,年度体检，节日补贴期权，弹性工作
北京人大金仓信息技术股份有限公司,人大金仓,150-500人,不需要融资,朝阳区,运维工程师,1-3年,本科,6k-9k,"国有企业,六险一金,餐补交补,带薪年假"
互动峰科技(北京)有限公司,好大夫在线,500-2000人,D轮及以上,朝阳区,运维工程师,3-5年,本科,15k-30k,"薪资福利好,发展平台大"
北京东方皆冠科技有限公司,学习宝,150-500人,B轮,朝阳区,运维工程师,1-3年,本科,8k-12k,五险一金
中电信用服务有限公司,中电信用,50-150人,未融资,海淀区,系统运维工程师,3-5年,本科,10k-20k,"五险一金,定期体检,餐补车补,绩效奖金"
北京联龙博通电子商务技术有限公司,联龙博通,2000人以上,D轮及以上,西城区,运维工程师,1-3年,本科,6k-8k,"五险一金,绩效奖金,餐饮补助,节日福利"
北京广视通达数字网络科技有限公司,广视通达,150-500人,B轮,海淀区,系统运维工程师,3-5年,本科,10k-15k,"临近地铁,五险一金,带薪年假,高薪"
北京亿玛创新网络科技有限公司,亿玛在线-互联网营销领航者,500-2000人,上市公司,朝阳区,大数据运维工程师,3-5年,本科,15k-25k,15薪，弹性工作时间，六险一金，每月TB
北京首都在线科技股份有限公司,CDS,150-500人,上市公司,海淀区,运维工程师-云计算方向,3-5年,本科,15k-22k,"工作氛围好,技术大牛"
北京奥鹏远程教育中心有限公司,慕课网,50-150人,不需要融资,海淀区,高级运维工程师,3-5年,本科,15k-25k,"五险一金,补充医疗,节日福利,员工旅游"
北京联华信科技有限公司,联华信,15-50人,未融资,西城区,运维工程师,1-3年,本科,6k-10k,"扁平化管理,年轻团队,氛围轻松,午餐补助"
北大医疗信息技术有限公司,北大医信,500-2000人,不需要融资,海淀区,运维工程师,3-5年,本科,8k-15k,"五险一金,商业保险,定期体检,年底奖金"
珠海随变科技有限公司,必要商城,150-500人,不需要融资,朝阳区,系统运维工程师,5-10年,本科,14k-25k,"首家C2M,盈利平台,技术分享,活跃团队"
北京明天高软科技有限公司,明天高软,50-150人,不需要融资,西城区,运维工程师,1-3年,不限,6k-8k,"五险一金,饭补,补充医疗,年终奖"
北京多贝兄弟信息技术有限公司,多贝网,50-150人,上市公司,海淀区,运维工程师,1-3年,本科,10k-20k,"六险一金,极客氛围,免费午餐,不打卡"
广道高新（北京）科技有限公司,北京广道高新科技公司,15-50人,未融资,朝阳区,运维工程师,3-5年,本科,10k-13k,五险一金，双休，餐补，交通补助，话补等
联通时科（北京）信息技术有限公司,联通时科,150-500人,不需要融资,西城区,系统运维工程师,不限,本科,15k-25k,五险一金，补充医疗、免费体检
北京闪送科技有限公司,闪送,500-2000人,D轮及以上,海淀区,高级运维工程师,5-10年,本科,20k-30k,"五险一金,带薪年假,团队旅游,弹性工作时"
北京高伟达钽云科技有限公司,高伟达,2000人以上,上市公司,西城区,存储运维工程师,5-10年,本科,10k-20k,优厚的福利
北京心向优势信息技术有限公司,好贷网,150-500人,C轮,东城区,运维工程师,3-5年,大专,15k-25k,"六险一金,周末双休,地铁周边,奖金多多"
百融金融信息服务股份有限公司,百融金服,500-2000人,C轮,海淀区,运维工程师,5-10年,本科,15k-30k,"五险一金,弹性工作,福利补贴,补充医疗"
神州数码信息服务股份有限公司,神州信息,2000人以上,上市公司,海淀区,运维工程师,3-5年,本科,8k-15k,"领导好,平台大,上升空间大,接触东西多"
赤子城网络技术（北京）有限公司,赤子城,150-500人,D轮及以上,朝阳区,运维工程师,不限,本科,12k-24k,"14薪,浮动上班,年终奖"
北京金风科创风电设备有限公司,金风科技,2000人以上,上市公司,大兴区,云开发运维工程师,3-5年,本科,18k-35k,"带薪年假,节日福利,五险一金,餐补"
京东金融,京东金融,2000人以上,上市公司,大兴区,数据平台运维工程师,3-5年,本科,15k-30k,班车；餐补
人教数字出版有限公司,人教数字公司,50-150人,不需要融资,海淀区,运维工程师,3-5年,本科,10k-20k,"国企福利,五险二金,企业食堂,行业领先"
北京慕华信息科技有限公司,学堂在线,150-500人,B轮,海淀区,运维工程师,1-3年,本科,10k-20k,"五险一金,交补餐补,节日福利"
环球合一网络技术（北京）股份有限公司,环球合一,150-500人,B轮,海淀区,系统运维工程师,1-3年,本科,6k-12k,"团队氛围好,补充保险,晋升机会大,学习型文化"
北京明日虫洞科技有限公司,NewsDog,50-150人,C轮,海淀区,高级运维工程师,1-3年,本科,15k-30k,"牛人亲自带,租房补贴,六险一金,高薪高期权"
海通安恒科技有限公司,海通安恒,150-500人,不需要融资,西城区,高级运维工程师,5-10年,本科,15k-18k,运维
北京快快网络技术有限公司,真融宝,150-500人,B轮,海淀区,高级运维工程师,3-5年,本科,20k-30k,"薪酬福利高,弹性工作,百度技术,发展空间大"
北京快松果科技有限公司,松果出行,150-500人,C轮,朝阳区,大数据运维工程师,3-5年,本科,25k-35k,"14薪,带薪年假,节日礼物"
北京数美时代科技有限公司,数美,150-500人,B轮,朝阳区,大数据运维工程师,1-3年,本科,20k-40k,"源码研发,大牛如云,技术氛围,大佬领投"
国网汇通金财（北京）信息科技有限公司,国家电网全资子公司北京汇通金财,500-2000人,不需要融资,丰台区,运维工程师,不限,本科,4k-6k,运维支持
北京捷越联合信息咨询有限公司,北京捷越联合,2000人以上,不需要融资,东城区,系统运维工程师,5-10年,本科,18k-36k,"弹性工作,六险一金,上升空间,福利补贴"
北京多贝兄弟信息技术有限公司,多贝网,50-150人,上市公司,海淀区,运维工程师,1-3年,本科,15k-25k,"六险一金,免费午餐,纯技术团队,不打卡"
平安健康保险股份有限公司,平安健康保险,500-2000人,未融资,朝阳区,运维工程师 (或DBA),3-5年,本科,12k-20k,"福利好,平安集团"
盛唐科技（北京）有限公司,盛唐科技,150-500人,未融资,昌平区,系统运维工程师,1-3年,本科,10k-15k,"国企,不加班,多福利,高薪资"
国龙投资（北京）有限公司,国龙文产投资集团,150-500人,未融资,朝阳区,运维工程师,3-5年,大专,10k-20k,"前景好,发展空间大"
北京用智科技有限公司,用智科技,15-50人,天使轮,海淀区,系统运维工程师,不限,大专,4k-6k,需要自己独立执行，很锻炼人
彩讯科技股份有限公司,彩讯股份,500-2000人,上市公司,东城区,运维工程师,5-10年,本科,12k-23k,"五险一金,司领津贴,带薪年假,绩效奖金"
北京启明合心科技有限公司,合心科技,50-150人,B轮,海淀区,运维工程师,3-5年,本科,15k-20k,"领导好,氛围好,午晚餐"
用友网络科技股份有限公司,用友,2000人以上,上市公司,海淀区,高级运维工程师,5-10年,本科,20k-40k,"上市公司,企业云服务,食堂+班车,宿舍健身房"
中盈优创资讯科技有限公司,中盈优创,500-2000人,未融资,海淀区,高级运维工程师（北京）,3-5年,本科,13k-18k,信息安全维护
北京车之家信息技术有限公司,汽车之家,2000人以上,上市公司,海淀区,高级运维工程师-CDN方向,3-5年,本科,20k-30k,"大平台,福利待遇好,领导好,发展空间大"
睿剑科技（北京）有限公司,睿剑科技,50-150人,未融资,海淀区,运维工程师,不限,大专,6k-8k,"氛围好,有活力,人性化,弹性"
深圳市有信网络技术有限公司,有信网络,150-500人,B轮,朝阳区,运维工程师,3-5年,本科,10k-20k,微博旗下语音直播产品，技术氛围好
北京妙医佳信息技术有限公司,妙健康,150-500人,B轮,朝阳区,系统运维工程师,3-5年,本科,12k-18k,"六险一金,团建活动,弹性工作,年底双薪"
北京奇安信科技有限公司,360企业安全,2000人以上,不需要融资,海淀区,运维工程师(000684),1-3年,本科,10k-15k,"知识分享,技术驱动"
北京创数纪信息技术有限责任公司,创数纪,15-50人,天使轮,丰台区,大数据运维工程师,1-3年,本科,8k-15k,"五险一金,定期体检,团建活动,晋升机会"
欢欢喜喜（天津）文化投资有限公司,欢喜传媒,15-50人,上市公司,朝阳区,系统运维工程师,3-5年,本科,10k-20k,"影视互联网,薪酬福利优,外企托管,补充医疗"
北京千橡网景科技发展有限公司,人人网,2000人以上,上市公司,朝阳区,高级运维工程师,3-5年,本科,10k-20k,上市公司 互联网金融平台
北京中交兴路信息科技有限公司,中交兴路,500-2000人,未融资,海淀区,运维工程师,3-5年,本科,8k-15k,运维经验
北京卓成世纪科技发展有限公司,卓成世纪,50-150人,不需要融资,海淀区,运维工程师,1-3年,不限,4k-6k,IT公司直招，领导亲和
北京优帆科技有限公司,青云,150-500人,D轮及以上,朝阳区,高级运维工程师,3-5年,本科,10k-16k,"工作氛围,福利多多,零食供应,发展空间"
光合新知（北京）科技有限公司,洋葱数学,150-500人,C轮,朝阳区,大数据运维工程师,3-5年,本科,13k-20k,"免费早午餐,15天年假,广阔的发展,免费班车"
北京金山云网络技术有限公司,金山云,500-2000人,D轮及以上,海淀区,云存储运维工程师,3-5年,本科,25k-40k,"行业前三,不打卡,免费三餐,健身房电玩"
贝壳找房（北京）科技有限公司,贝壳,2000人以上,C轮,海淀区,高级应用运维工程师,3-5年,本科,25k-40k,"公司氛围好,内部成长快,免费三餐,15薪"
北京榆东科技有限公司,榆东科技,15-50人,不需要融资,东城区,运维工程师,3-5年,本科,10k-20k,带薪年假，免费体检，话费补贴
北京百家互联科技有限公司,跟谁学,500-2000人,A轮,海淀区,运维工程师,3-5年,本科,18k-25k,六险一金，8天带薪年假，餐补
北京豆网科技有限公司,豆瓣网,150-500人,C轮,朝阳区,运维工程师,3-5年,本科,15k-25k,"六险一金,早餐下午茶,带薪病假,年度体检"
圣旦（北京）品牌管理有限公司,圣旦（北京）品牌管理有限公司,50-150人,不需要融资,朝阳区,运维工程师,1-3年,本科,10k-16k,稳定、晋升
斯润天朗（北京）科技有限公司,斯润天朗,50-150人,不需要融资,丰台区,高级运维工程师,5-10年,本科,15k-25k,"晋升空间大,补充医疗,五险一金,规范管理"
东方邦信金融科技（上海）有限公司北京分公司,东方金科,150-500人,不需要融资,西城区,中级运维工程师-运维保障部,3-5年,本科,10k-13k,五险一金、补充医疗、各种补贴、领导Nice
飞维美地信息技术（北京）有限公司,FreeWheel,500-2000人,上市公司,朝阳区,资深运维工程师,5-10年,本科,22k-36k,"硅谷文化,技术导向,福利多多,美资互联网"
北京每日优鲜电子商务有限公司,每日优鲜,500-2000人,C轮,朝阳区,运维工程师,3-5年,本科,15k-30k,"弹性工作,高绩效"
深圳市金证科技股份有限公司,金证股份,2000人以上,上市公司,朝阳区,运维工程师,1-3年,本科,7k-9k,五险一金，年度体检，年度旅游
乐视网信息技术（北京）股份有限公司,乐融集团,2000人以上,上市公司,朝阳区,运维工程师,3-5年,本科,10k-20k,发展空间大，福利待遇优厚，团队氛围良好！
上海炽聚网络科技有限公司,上海炽聚,50-150人,A轮,海淀区,驻场运维工程师,3-5年,本科,8k-15k,五险一金 腾讯项目
北京网梯科技发展有限公司,网梯科技,150-500人,未融资,海淀区,运维工程师,1-3年,本科,8k-12k,"五险一金,周末双休,餐饮补助,年底双薪"
上海朱雀股权投资管理股份有限公司,朱雀投资,50-150人,不需要融资,东城区,运维工程师,1-3年,本科,9k-17k,"五险一金,餐补,通讯补贴,节假日福利"
中国电信集团系统集成有限责任公司,中国电信系统集成公司,500-2000人,上市公司,,运维工程师,3-5年,本科,10k-20k,团队氛围好，福利全面，发展空间大
优舫（北京）信息科技有限公司,优信集团,2000人以上,D轮及以上,朝阳区,widows运维工程师,1-3年,本科,10k-15k,"晋升空间,休闲零食,扁平化管理,学习成长"
新浪网技术（中国）有限公司,新浪网,2000人以上,上市公司,海淀区,04620-OpenStack运维工程师,1-3年,本科,15k-30k,"商业医疗,免费健身房,带薪年假"
盈嘉互联（北京）科技有限公司,盈嘉互联,50-150人,不需要融资,石景山区,运维工程师,1-3年,本科,8k-16k,"五险一金,免费午餐,技术提升,培训机会"
北京多牛互动传媒股份有限公司,多牛传媒,150-500人,上市公司,海淀区,系统运维工程师,3-5年,大专,10k-15k,"五险一金,周末双休"
北京快乐茄信息技术有限公司,茄子快传,150-500人,B轮,海淀区,运维工程师,3-5年,本科,15k-30k,"团队大牛多,行业独角兽,福利待遇好"
微梦创科网络科技（中国）有限公司,新浪微博,2000人以上,上市公司,海淀区,运维工程师,3-5年,本科,15k-30k,"平台大,技术氛围好"
北京陌陌科技有限公司,陌陌,500-2000人,上市公司,朝阳区,直播运维工程师（视频直播）,3-5年,大专,10k-20k,核心部门
北京魔力耳朵科技有限公司,魔力耳朵,150-500人,A轮,朝阳区,运维工程师,3-5年,本科,15k-25k,"六险一金,带薪年假,福利待遇好,扁平管理"
北京作业盒子科技有限公司,作业盒子,500-2000人,C轮,朝阳区,运维工程师,应届毕业生,本科,10k-20k,"快速发展,14薪,免费下午茶,工作氛围好"
影时光网络技术（北京）有限公司,时光网-Mtime,500-2000人,不需要融资,朝阳区,运维工程师,不限,大专,10k-20k,"团队好,发展好"
北京捷越联合信息咨询有限公司,北京捷越联合,2000人以上,不需要融资,东城区,应用运维工程师,3-5年,大专,10k-20k,"六险一金,地铁周边,弹性工作"
北京中置科技有限公司,北京中置科技有限公司,50-150人,不需要融资,朝阳区,运维工程师,1-3年,大专,5k-6k,五险一金节日福利弹性工作带薪年假
北京嘀嘀无限科技发展有限公司,滴滴出行,2000人以上,不需要融资,海淀区,高级运维工程师,3-5年,本科,25k-45k,"独角兽,诱人福利,广阔平台"
北京达佳互联信息技术有限公司,快手,500-2000人,D轮及以上,海淀区,Redis高级研发/运维工程师,不限,本科,15k-30k,"弹性工作,奖金丰厚,工作氛围好,各种团建"
北京邦利德网络科技有限公司,邦利德,150-500人,B轮,海淀区,运维工程师,3-5年,本科,10k-20k,"带薪年假,弹性工作"
北京云纵信息技术有限公司,云纵,2000人以上,B轮,海淀区,高级运维工程师,3-5年,大专,18k-27k,"14薪起,带薪年假,各种补助,早晚班车"
北京太合音乐文化发展有限公司,太合音乐（百度音乐）,500-2000人,不需要融资,朝阳区,系统运维工程师,1-3年,本科,10k-15k,"音乐行业,互联网+,名人大咖"
北京卡路里科技有限公司,Keep,500-2000人,D轮及以上,东城区,运维工程师,3-5年,本科,15k-30k,"运维大牛,发展空间大"
析格玛科技（北京）有限公司,析格玛,15-50人,未融资,海淀区,运维工程师,3-5年,本科,8k-15k,"福利多,老板好,氛围好,晋升空间"
北京浩瀚深度信息技术股份有限公司,浩瀚深度,150-500人,上市公司,海淀区,系统运维工程师,1-3年,本科,10k-18k,福利待遇、发展前景、人文环境
北京信和云科技有限公司,SelfSell,150-500人,不需要融资,海淀区,中高级运维工程师,3-5年,本科,10k-20k,"团队氛围好,区块链技术,沟通效率高,帅哥美女"
北京四达时代软件技术股份有限公司,四达时代集团,2000人以上,上市公司,通州区,运维工程师,不限,本科,17k-25k,福利优厚，广阔的发展空间
北京善义善美科技有限公司,人人车,2000人以上,D轮及以上,朝阳区,高级运维工程师,3-5年,本科,20k-40k,"14薪,五险一金,不打卡,技能培训"
武汉皮皮外语网络科技有限公司,皮皮外语,15-50人,未融资,海淀区,高级运维工程师,5-10年,本科,10k-20k,"朝九晚六,弹性工作制,五险一金"
湖南华诺科技有限公司,诺基亚华诺科技,500-2000人,不需要融资,朝阳区,NFV 云运维工程师,3-5年,本科,10k-20k,"高薪酬,高福利,世界500"
北京赫德阳数据通信科技有限公司,赫德阳,15-50人,A轮,西城区,云计算运维工程师,3-5年,大专,15k-20k,薪资待遇高，团队活跃，发展前景好
杭州微易信息科技有限公司,保险师 · 微易信息科技,150-500人,B轮,朝阳区,高级运维工程师,3-5年,本科,15k-25k,"六险一金,福利丰厚,晋升快,平台好"
北京数起科技有限公司,数起科技,50-150人,A轮,西城区,运维工程师,3-5年,本科,8k-15k,有大咖指导
柔持（北京）科技有限公司,柔持英语,150-500人,B轮,朝阳区,网络运维工程师,1-3年,大专,8k-10k,五险一金 包吃 弹性上班
北京码虎科技有限公司,码虎,15-50人,不需要融资,海淀区,运维工程师,3-5年,本科,8k-15k,"晋升空间,福利多,老板好,氛围好"
网易（杭州）有限公司,网易,2000人以上,上市公司,海淀区,高级运用运维工程师,3-5年,本科,18k-28k,18薪 专业广度强 晋升机会大
北京欧链科技有限公司,OracleChain,15-50人,未融资,海淀区,运维专员,1-3年,本科,12k-18k,"新兴行业,平行管理,时间自由"
大鱼快乐有限公司,阿里文娱,2000人以上,上市公司,朝阳区,UC事业部-高级运维工程师,5-10年,本科,20k-40k,"奖金,弹性工作制"
新浪网技术（中国）有限公司,新浪网,2000人以上,上市公司,,高级运维工程师,3-5年,本科,12k-24k,上市公司，老板好，健身房
新浪网技术（中国）有限公司,新浪网,2000人以上,上市公司,,高级运维工程师,3-5年,本科,12k-24k,上市公司，老板好，健身房
跨越速运集团有限公司,跨越速运,2000人以上,不需要融资,朝阳区,高级运维工程师(J10558),3-5年,大专,10k-15k,晋升空间大，绩效奖金，扁平管理
北京图森智途科技有限公司,图森未来,150-500人,C轮,朝阳区,自动化运维工程师,应届毕业生,本科,15k-30k,"行业前沿,大牛云集,发展空间大,薪酬福利好"
北京修齐治平科技有限公司,爱云校,500-2000人,C轮,朝阳区,运维工程师-数据方向,5-10年,本科,15k-25k,"带薪年假,扁平化管理"
地球山（北京）科技有限公司,地球山科技,50-150人,不需要融资,朝阳区,CCTV运维工程师,1-3年,本科,4k-7k,"年终奖金,餐费补助,定期体检,节日福利"
北京泛钛客科技有限公司,泛钛客,150-500人,A轮,朝阳区,运维工程师,1-3年,本科,8k-16k,"团队氛围好,福利待遇好,成长空间大"
乐视网信息技术（北京）股份有限公司,乐融集团,2000人以上,上市公司,朝阳区,应用运维工程师,3-5年,本科,8k-15k,应用运维方向、团队氛围佳、扁平管理
上海微创软件股份有限公司北京分公司,微创,2000人以上,不需要融资,海淀区,中级运维工程师-赴商汤科技,3-5年,本科,10k-13k,"六险一金,带薪年假,节日福利,技术大牛"
北京摩学教育科技有限公司,Mobilearn&middot;摩学,15-50人,不需要融资,朝阳区,运维工程师,3-5年,本科,10k-20k,"原型领先,服务大品牌,工作有挑战,发挥空间大"
中电信用服务有限公司,中电信用,50-150人,未融资,海淀区,运维总监,5-10年,本科,20k-30k,"五险一金,绩效奖金,带薪年假,餐补车补"
北京云动九天科技有限公司,省钱快报,150-500人,C轮,东城区,大数据运维工程师,1-3年,不限,25k-35k,"七险一金,免费三餐,弹性工作制,大牛带"
北京闲徕互娱网络科技有限公司,闲徕互娱,500-2000人,不需要融资,朝阳区,运维工程师,1-3年,本科,8k-15k,"六险一金,绩效奖金,健身房,年度旅游"
北京新意互动广告有限公司,新意互动,500-2000人,上市公司,海淀区,高级运维工程师,5-10年,本科,15k-25k,"地铁周边,集团公司,汽车互联网,七险一金"
北京完美创意科技有限公司,更美APP,150-500人,D轮及以上,朝阳区,运维工程师,1-3年,本科,10k-20k,福利待遇优厚 上升空间大 美女如云
北京艾瑞思机器人技术有限公司,艾瑞思,50-150人,A轮,海淀区,运维工程师,3-5年,本科,15k-25k,"发展平台,公司行业,竞争力薪酬,福利多多"
北京光宇在线科技有限责任公司,光宇游戏,2000人以上,上市公司,海淀区,系统运维工程师,应届毕业生,本科,7k-12k,"转正,包食宿,生日福利,健身"
北京首都在线科技股份有限公司,CDS,150-500人,上市公司,海淀区,海外二线运维工程师,1-3年,本科,10k-20k,上市公司
北京数美时代科技有限公司,数美,150-500人,B轮,朝阳区,大数据运维工程师,1-3年,本科,20k-40k,"源码研发,大牛如云,技术氛围,大佬领投"
黑湃科技（北京）有限公司,黑湃科技,15-50人,天使轮,朝阳区,运维工程师,1-3年,本科,8k-15k,"六险一金,节假日福利,不打卡"
启迪云控（北京）科技有限公司,启迪云控,50-150人,不需要融资,海淀区,IT运维工程师,3-5年,本科,20k-30k,"带薪年假,年底双薪,弹性工作,八险一金"
信美人寿相互保险社,信美相互,150-500人,不需要融资,西城区,运维工程师,1-3年,本科,10k-20k,"扁平化管理,晋升空间大,团队氛围好,全栈学习"
北京思图场景数据科技服务有限公司,思图场景,50-150人,天使轮,海淀区,运维工程师,1-3年,本科,10k-20k,"行业前景好,薪酬福利优,七险一金,团队融洽"
先锋智道（北京）科技有限公司,AA租车,2000人以上,不需要融资,,运维工程师,3-5年,大专,10k-20k,全额五险一金，技术大拿，零食咖啡无限量，
众联智领科技（北京）有限公司,考拉FM|听伴,150-500人,C轮,海淀区,运维工程师,1-3年,本科,9k-15k,"发展空间,员工团建"
北京智融时代信息技术有限公司,智融集团,150-500人,C轮,海淀区,应用运维工程师,3-5年,本科,12k-24k,"牛人团队,六险一金,14薪,定期团建"
怡和祥云（北京）科技有限公司,怡和祥云,150-500人,不需要融资,海淀区,运维工程师,1年以下,本科,4k-6k,"一对一指导,平台空间大,晋级空间大,下午茶"
中信百信银行股份有限公司,百信银行,150-500人,不需要融资,朝阳区,系统运维工程师,3-5年,本科,20k-40k,"竞争性待遇,完善的福利"
微梦创科网络科技（中国）有限公司,新浪微博,2000人以上,上市公司,海淀区,运维工程师,1-3年,本科,10k-20k,"工作环境好,上升空间大,免费早餐,免费班车"
北京积沙成塔科技有限公司,小帮规划,50-150人,B轮,朝阳区,运维工程师,3-5年,本科,12k-20k,"老板人超好,技术牛人多,成长空间大,零食不限量"
紫竹源上(北京)信息技术有限公司,携手在线,15-50人,不需要融资,海淀区,运维工程师,3-5年,本科,8k-15k,"社会价值,扁平管理,发展空间大,氛围好"
北京光宇在线科技有限责任公司,光宇游戏,2000人以上,上市公司,,Web运维工程师,3-5年,本科,10k-15k,七险一金，13薪，团队旅游，年度体检
紫竹源上(北京)信息技术有限公司,携手在线,15-50人,不需要融资,海淀区,运维工程师,3-5年,本科,8k-15k,"社会价值,扁平管理,发展空间大,氛围好"
北京猎户星空科技有限公司,猎户星空,500-2000人,A轮,朝阳区,业务运维工程师,不限,本科,13k-25k,"发展前景好,高薪"
光合新知（北京）科技有限公司,洋葱数学,150-500人,C轮,朝阳区,大数据运维工程师,3-5年,本科,12k-20k,"免费早午餐,15天年假,早晚班车,发展空间大"
神州数码医疗科技股份有限公司,神州数码医疗,150-500人,不需要融资,海淀区,运维工程师,1-3年,本科,5k-7k,"大数据,平台好,年终奖,独角兽"
广州摩翼信息科技有限公司,翼课网,500-2000人,不需要融资,大兴区,高级运维工程师,3-5年,本科,20k-28k,"公司耐撕,队伍年轻,大牛过招,弹性上班"
北京迅达云成科技有限公司,SpeedyCloud,50-150人,B轮,朝阳区,SD-WAN运维工程师,1-3年,大专,8k-15k,"地铁周边,六险一金,扁平管理,带薪年假"
北京信链科技有限公司,信链科技,150-500人,A轮,朝阳区,运维工程师,3-5年,本科,10k-15k,10:00 am上班，弹性工作制；
环球合一网络技术（北京）股份有限公司,环球合一,150-500人,B轮,海淀区,实习运维工程师,应届毕业生,本科,2k-4k,"团队氛围好,学习型文化,弹性工时,水果零食"
深圳象翌微链软件技术有限公司,象翌微链,500-2000人,未融资,海淀区,大数据运维工程师,3-5年,本科,12k-18k,"公司规模大,发展前景好,大数据技术,团队氛围好"
北京字节跳动科技有限公司,字节跳动,2000人以上,C轮,海淀区,运维工程师,1-3年,本科,15k-30k,六险一金，弹性工作，免费三餐，租房补贴，带薪休假，休闲下午茶，扁平管理，过亿用户，职业大牛，晋升空间，团队氛围好，优厚薪资
北京颐顺太和软件科技有限公司,新东方,2000人以上,上市公司,海淀区,大数据运维工程师,3-5年,本科,20k-25k,"上市公司,福利待遇好,团队氛围好,公司平台大"
阳光保险集团股份有限公司,阳光产险信保事业部,2000人以上,不需要融资,朝阳区,高级运维工程师（金科）,3-5年,本科,10k-20k,"六险一金,节日福利,带薪年假"
飞驰镁物（北京）信息服务有限公司,飞驰镁物,150-500人,B轮,朝阳区,高级运维工程师,3-5年,本科,15k-20k,"14薪,六险一金,弹性工时,节日福利"
北京顺天大有信息科技有限公司,顺天大有,150-500人,不需要融资,朝阳区,运维工程师,不限,大专,3k-5k,"朝九晚六,周末双休,正常假日"
北京光宇在线科技有限责任公司,光宇游戏,2000人以上,上市公司,海淀区,高级运维工程师,3-5年,本科,10k-15k,"学习空间大,自我提升"
百度在线网络技术（北京）有限公司,百度,2000人以上,不需要融资,海淀区,云计算运维工程师,3-5年,本科,15k-30k,技术氛围好
北京汉能光伏投资有限公司,汉能集团,2000人以上,上市公司,朝阳区,系统运维工程师,3-5年,本科,15k-23k,"上市公司,晋升机会大,福利待遇好,部门氛围好"
耀莱在线（北京）商业服务有限公司,耀莱在线,500-2000人,上市公司,朝阳区,资深系统运维工程师,5-10年,本科,20k-35k,"期权,高分润,晋升阶梯,奖金"
北京图森智途科技有限公司,图森未来,150-500人,C轮,朝阳区,网络运维工程师,不限,本科,10k-20k,"行业前沿,大牛云集,发展空间大,薪酬福利好"
北京达佳互联信息技术有限公司,快手,500-2000人,D轮及以上,海淀区,数据平台运维工程师,1-3年,本科,15k-30k,"弹性工作,奖金丰厚,工作氛围好,各种团建"
深圳象翌微链软件技术有限公司,象翌微链,500-2000人,未融资,海淀区,高级运维工程师,3-5年,本科,12k-18k,"公司规模大,团队氛围好,发展空间大,物联大数据"
贝壳金科控股有限公司,贝壳金服,500-2000人,未融资,朝阳区,系统运维工程师,3-5年,不限,20k-40k,"大平台,扁平化管理,晋升空间大,快速成长"
北京中康时代医院投资集团有限公司,北京中康时代医院投资集团,2000人以上,不需要融资,顺义区,运维工程师,3-5年,本科,10k-15k,"五险一金,年终奖,不打卡,包餐"
北京易车互联信息技术有限公司,易车公司,2000人以上,上市公司,海淀区,JTYWZX-运维工程师,1-3年,本科,15k-30k,公司环境好
北京京东世纪贸易有限公司,京东集团,2000人以上,上市公司,通州区,IT运维工程师,5-10年,本科,20k-40k,五险一金；餐补；免费班车
北京字节跳动科技有限公司,字节跳动,2000人以上,C轮,海淀区,高级运维工程师-系统运维,3-5年,本科,20k-40k,六险一金，弹性工作，免费三餐，租房补贴
新浪网技术（中国）有限公司,新浪网,2000人以上,上市公司,海淀区,运维工程师,1-3年,本科,15k-30k,大平台牛人多机会多，免费健身房
北京羽视科技有限公司,羽视科技,少于15人,A轮,东城区,运维工程师,1-3年,大专,7k-12k,氛围好，沟通顺畅，潜力大。
中亿互娱（北京）网络科技有限公司,中亿互娱,15-50人,不需要融资,海淀区,运维工程师,1-3年,本科,9k-15k,事业单位
北京卡车之家信息技术股份有限公司,卡车之家,150-500人,C轮,朝阳区,网络运维工程师,3-5年,本科,7k-10k,"五险一金,带薪年假,团队氛围好,新三板"
一点网聚科技有限公司,一点资讯,500-2000人,D轮及以上,朝阳区,2019校招--运维工程师,应届毕业生,本科,15k-25k,弹性工作
聪投（北京）信息技术有限公司,马拉马拉,15-50人,A轮,东城区,运维工程师,1-3年,本科,12k-20k,"弹性工作时,紧邻地铁口,五险一金,扁平化管理"
北京康加科技有限公司,康加科技,50-150人,A轮,朝阳区,运维工程师,3-5年,大专,15k-20k,"晋升空间大,竞争力薪酬,工作氛围好,领导好"
网易（杭州）有限公司,网易,2000人以上,上市公司,海淀区,资深系统运维工程师,5-10年,本科,25k-35k,18薪 专业广度强 晋升机会大
国富瑞数据系统有限公司,国富瑞数据CIDS,150-500人,不需要融资,大兴区,DICM系统运维工程师,1-3年,本科,8k-12k,"带薪年假,补充医疗,定期体检,五险一金"
金宣(北京)科技有限公司,金宣科技,500-2000人,不需要融资,西城区,IT运维工程师,1-3年,大专,10k-20k,"学习机会多,团队氛围好"
北京达佳互联信息技术有限公司,快手,500-2000人,D轮及以上,海淀区,大数据高级研发/运维工程师,1-3年,本科,15k-30k,"弹性工作,奖金丰厚,工作氛围好,各种团建"
鸿合科技有限公司,鸿合科技,2000人以上,未融资,海淀区,运维工程师,1-3年,大专,10k-18k,"六险一金,扁平化管理"
北京城市联盟科技有限公司,城市中国,50-150人,未融资,昌平区,运维工程师,3-5年,大专,9k-13k,"弹性工作,绩效奖金,全勤奖,节日福利"
北京优帆科技有限公司,青云,150-500人,D轮及以上,朝阳区,运维工程师,1-3年,大专,6k-10k,弹性工作，福利多多，超有存在感
车音智能科技有限公司北京分公司,车音智能,150-500人,上市公司,东城区,系统运维工程师,3-5年,本科,15k-25k,"平台大,老板好,绩效奖金"
北京陌陌科技有限公司,陌陌,500-2000人,上市公司,,高级系统运维工程师,3-5年,本科,22k-40k,竞争力薪酬、技术氛围好、上升空间大
北京浩博众达科技有限公司,浩博众达,15-50人,不需要融资,海淀区,运维工程师,1-3年,大专,4k-6k,基本工资+奖金+五险+周末双休
新华网股份有限公司,新华网,500-2000人,上市公司,西城区,云计算/虚拟化运维工程师,3-5年,本科,10k-20k,上市公司、六险一金
北京京东世纪贸易有限公司,京东集团,2000人以上,上市公司,朝阳区,大数据运维工程师,3-5年,本科,30k-60k,"500强,双休,弹性工作"
卓越运维（北京）科技有限公司,卓越运维,500-2000人,A轮,海淀区,虚拟化运维工程师,1-3年,大专,10k-15k,"五险一金,发展前景好,加班补助,福利多多"
联想（北京）有限公司,联想集团,2000人以上,上市公司,海淀区,高级云计算运维工程师,3-5年,本科,20k-40k,"大平台,超棒团队,超赞福利,五险一金"
熵增(北京)网络科技有限公司,熵增科技,15-50人,天使轮,朝阳区,运维工程师,1-3年,本科,15k-25k,创业早期，专业队友
北京世纪互联宽带数据中心有限公司,世纪互联,2000人以上,上市公司,朝阳区,PaaS运维工程师,1-3年,本科,10k-15k,"六险一金,定期团建,节假日福利"
北京颐顺太和软件科技有限公司,新东方,2000人以上,上市公司,海淀区,应用运维工程师,3-5年,本科,10k-20k,"上市公司,福利待遇好,团队氛围好,公司平台大"
赢创科技（北京）有限公司,赢创科技,150-500人,未融资,昌平区,系统运维工程师,1-3年,本科,8k-15k,不加班 平台好 距离合适
北京人民在线网络有限公司,人民在线,150-500人,不需要融资,朝阳区,系统运维工程师,3-5年,本科,10k-20k,"五险一金,补充医疗,带薪年假,大牛团队"
车好多旧机动车经纪(北京)有限公司,瓜子二手车直卖网,2000人以上,C轮,海淀区,大数据运维工程师,3-5年,大专,16k-30k,平台好
中胜信用管理有限公司,中胜信用,50-150人,未融资,朝阳区,运维工程师,3-5年,本科,10k-15k,扁平化管理
北京拓蛮信息科技有限公司,Tokenmania,50-150人,不需要融资,朝阳区,高级系统运维工程师,3-5年,本科,15k-25k,六险一金 弹性办公
北京智能管家科技有限公司,roobo,150-500人,B轮,东城区,运维工程师,3-5年,本科,25k-40k,"人工智能,扁平管理"
小糖互联（北京）网络科技有限公司,糖豆,50-150人,B轮,海淀区,大数据运维工程师,3-5年,本科,25k-45k,"蓝海领域,追求极致,弹性工作,六险一金"
北京旭日神州科技有限公司,旭日神州,150-500人,未融资,朝阳区,运维工程师,1-3年,本科,5k-7k,工作氛围好，不加班
北京七维视觉科技有限公司,七维科技,50-150人,A轮,东城区,运维工程师,1-3年,大专,4k-8k,"VR/AR,扁平管理,五险一金,带薪年假"
北京京东世纪贸易有限公司,京东集团,2000人以上,上市公司,朝阳区,运维工程师,不限,本科,15k-30k,"待遇好,机会多,平台大,五百强"
北京九恒星科技股份有限公司,九恒星,150-500人,上市公司,海淀区,运维工程师,1-3年,本科,6k-12k,"五险一金,午餐补助,通讯补助,带薪年假"
华风爱科气象科技（北京）有限公司,华风爱科,15-50人,不需要融资,海淀区,运维工程师,3-5年,本科,8k-10k,中美气象顶尖合作，技术够不够来了才知道
特斯联（北京）科技有限公司,特斯联,150-500人,B轮,朝阳区,平台运维工程师,3-5年,大专,12k-20k,薪资
北京世纪好未来教育科技有限公司,好未来,2000人以上,上市公司,海淀区,运维安全部-大数据运维工程师,3-5年,大专,15k-30k,免费晚餐，免费水果，企业滴滴
新奥特(北京)视频技术有限公司,新奥特视频,500-2000人,不需要融资,海淀区,运维工程师,不限,本科,4k-6k,"五险一金,补充保险,餐补,话补"
北京库学空间科技有限公司,库学空间,50-150人,天使轮,昌平区,运维工程师,1-3年,本科,8k-16k,行业前景好，高薪朝阳行业，工作压力小
普信恒业科技发展（北京）有限公司,宜信,2000人以上,上市公司,朝阳区,大数据运维工程师,不限,本科,20k-40k,"六险一金,扁平化管理"
北京启涅文化发展有限公司,启涅文化,15-50人,不需要融资,昌平区,运维工程师（云计算方向）,不限,大专,8k-10k,"五险一金,双休,多次调薪,带薪年假"
深圳市赢众通金融信息服务有限责任公司,小赢科技,500-2000人,上市公司,海淀区,应用运维工程师,3-5年,本科,15k-25k,"绩效奖金,弹性工作,五险一金"
上海欧拉网络技术有限公司,欧拉网络,50-150人,C轮,朝阳区,运维工程师,3-5年,本科,10k-20k,"发展空间,绩效奖金,福利完善,简单扁平"
云享云（北京）科技有限公司,云享云,50-150人,A轮,朝阳区,运维工程师,3-5年,大专,10k-15k,"领导好,节日福利"
北京势在必行网络科技有限公司,币信,50-150人,不需要融资,海淀区,系统运维工程师,3-5年,本科,18k-35k,"休闲餐点,午餐补助,周末双休,年底双薪"
北京三快在线科技有限公司,美团点评,2000人以上,D轮及以上,朝阳区,高级系统运维工程师（快驴事业部）,5-10年,本科,15k-30k,发展空间大 管理扁平化 技术氛围好
轻易科技有限公司,轻易贷,2000人以上,上市公司,海淀区,高级运维工程师,5-10年,大专,20k-35k,"上市公司,年终奖,五险一金,弹性工作"
北京每日优鲜电子商务有限公司,每日优鲜,500-2000人,C轮,朝阳区,运维工程师,3-5年,不限,15k-30k,"团队棒,领导好"
北京德生优品商贸有限公司,德生优品,15-50人,不需要融资,海淀区,运维工程师,5-10年,本科,10K-18K,公司有较好的富力待遇和工作发现机会
北京神州光大科技有限公司,神州光大,15-50人,天使轮,海淀区,思科设备运维工程师,1-3年,大专,8k-9k,"大平台,待遇好"
北京捷越联合信息咨询有限公司,北京捷越联合,2000人以上,不需要融资,朝阳区,系统运维工程师（高级/资深）,5-10年,本科,20k-30k,"六险一金,弹性工时,季度奖,年终奖"
北京盛世全景科技股份有限公司,盛世全景,15-50人,上市公司,海淀区,大数据运维工程师,3-5年,本科,10k-20k,"五险一金,年终奖,节假日福利,弹性上班制"
新华书店总店,新华书店总店,500-2000人,未融资,西城区,高级运维工程师（新华互联）,5-10年,本科,20k-35k,"五险二金,免费工作餐,带薪年休假,其他福利"
广东道一信息技术股份有限公司,道一信息,500-2000人,上市公司,朝阳区,运维工程师-北京,1-3年,大专,6k-11k,"周末双休,五险一金,节日福利"
新浪网技术（中国）有限公司,新浪网,2000人以上,上市公司,海淀区,系统运维工程师-负载均衡,1-3年,本科,10k-20k,"免费早餐,免费健身房,大平台"
北京中新网信息科技有限公司,中国新闻网,150-500人,未融资,西城区,高级运维工程师,3-5年,本科,9k-18k,"五险一金,节日福利,绩效奖金,年终奖"
北京嘀嘀无限科技发展有限公司,滴滴出行,2000人以上,不需要融资,海淀区,呼叫中心话务系统运维工程师,1-3年,本科,20k-40k,"团队氛围好,技术大牛多,福利好"
北京彩虹在线网络技术有限公司,支点,15-50人,天使轮,海淀区,高级运维工程师,3-5年,本科,25k-35k,"五险一金,带薪年假,年底双薪,餐饮补贴"
北京闲徕互娱网络科技有限公司,闲徕互娱,500-2000人,不需要融资,朝阳区,高级运维工程师,3-5年,本科,15k-30k,"六险一金,绩效奖金,健身房,年度旅游"
北京京东世纪贸易有限公司,京东集团,2000人以上,上市公司,通州区,运维工程师,3-5年,本科,15k-25k,京东
百融金融信息服务股份有限公司,百融金服,500-2000人,C轮,海淀区,运维工程师,3-5年,本科,12k-24k,"年底双薪,绩效奖金"
北京十一贝科技有限公司,北京十一贝科技有限公司,150-500人,A轮,海淀区,大数据运维工程师,1-3年,本科,25k-50k,"大咖多,免费三餐,晋升空间大,16薪"
新浪网技术（中国）有限公司,新浪网,2000人以上,上市公司,海淀区,04502-系统运维工程师,1-3年,本科,15k-25k,"补充医疗,健身房,通勤车"
北京奇点机智信息技术有限公司,奇点机智,15-50人,A轮,海淀区,高级系统运维工程师,3-5年,本科,20k-40k,"技术大牛,弹性工作,年轻化,扁平化"
飞维美地信息技术（北京）有限公司,FreeWheel,500-2000人,上市公司,朝阳区,资深产品运维工程师,3-5年,本科,22k-36k,"美资互联网,硅谷文化,技术导向,英文环境"
镁佳（北京）科技有限公司,镁佳,50-150人,天使轮,朝阳区,中高级运维工程师,3-5年,本科,15k-25k,"公司前景大,高科技行业,福利好,技术大牛"
北京韬睿智能科技有限公司,taurus.ai,15-50人,天使轮,西城区,运维工程师,不限,大专,8k-10k,金融科技，千万级天使轮创业公司
百融金融信息服务股份有限公司,百融金服,500-2000人,C轮,海淀区,大数据运维工程师,3-5年,本科,15k-25k,"六险一金,弹性工作,福利补贴"
北京德生优品商贸有限公司,德生优品,15-50人,不需要融资,昌平区,应用运维工程师,5-10年,本科,10K-17K,"五险一金,福利好,季度奖金,狼性团队"
超对称（北京）科技有限公司,超对称,50-150人,A轮,朝阳区,大数据平台运维工程师,3-5年,本科,15k-30k,"精英团队,AI领域"
北京舟济科技有限公司,松鼠拼拼,500-2000人,A轮,东城区,高级运维工程师,不限,本科,20k-40k,氛围好
北京京东世纪贸易有限公司,京东集团,2000人以上,上市公司,朝阳区,商业化高级运维工程师,5-10年,本科,30k-60k,"五险一金,免费班车,年底双薪,餐补"
北京巨洲云科技有限公司,巨洲云科技,150-500人,上市公司,朝阳区,高级运维工程师,5-10年,本科,15k-25k,"平台大,福利完善,发展好"
北京图森智途科技有限公司,图森未来,150-500人,C轮,朝阳区,网络运维工程师,应届毕业生,不限,10k-20k,"行业前沿,大牛云集,发展空间大,薪酬福利好"
拉扎斯网络科技（上海）有限公司,饿了么,2000人以上,D轮及以上,海淀区,资深运维工程师,3-5年,本科,18k-28k,"优秀团队,个人提升,技能提升,薪资激励"
北京搜狐新媒体信息技术有限公司,搜狐集团,2000人以上,上市公司,海淀区,【社招】【搜狐-大数据中心】运维工程师（大数据方向）,不限,本科,15k-25k,平台大&amp;15天带薪年假&amp;团队氛围好
光环有云（北京）网络服务有限公司,光环有云,15-50人,不需要融资,朝阳区,实习运维工程师,应届毕业生,本科,2k-4k,"福利丰厚,职位发展空,弹性工时"
北京图森智途科技有限公司,图森未来,150-500人,C轮,朝阳区,自动化运维工程师,不限,本科,15k-30k,"行业前沿,大牛云集,发展空间大,薪酬福利好"
北京精真估信息技术有限公司,精真估,150-500人,C轮,海淀区,高级应用运维工程师,5-10年,本科,23k-35k,B轮
包头市包银消费金融股份有限公司,包银消费金融,150-500人,不需要融资,朝阳区,应用运维工程师(J10163),3-5年,本科,10k-20k,"六险一金,年终奖,节日福利,定期体检"
上海蔚来汽车有限公司,NIO蔚来,2000人以上,D轮及以上,朝阳区,应用运维工程师(SQE),1-3年,本科,20k-40k,"六险一金,弹性办公,租房补贴,学霸团队"
北京北科博研科技有限公司,北科博研,15-50人,未融资,西城区,运维工程师,不限,不限,5k-9k,"氛围好,同事好,环境好,公司好"
北京京东世纪贸易有限公司,京东集团,2000人以上,上市公司,通州区,自动化运维工程师/网络研发,5-10年,本科,20k-40k,五险一金；餐补；免费班车
北京知行易航智能科技有限公司,易航智能,50-150人,B轮,朝阳区,IT运维工程师,3-5年,本科,10k-15k,"自动驾驶,创业公司,扁平管理,五险一金"
波塔斯（北京）科技有限公司,Travel-X,15-50人,A轮,东城区,运维工程师,3-5年,不限,6k-12k,"五险一金,早餐午餐,老板人好,紧邻地铁"
彩讯科技股份有限公司,彩讯股份,500-2000人,上市公司,东城区,运维工程师（实习生）,应届毕业生,本科,2k-4k,"导师跟踪,晋升空间"
北京龙盾数据有限公司,龙盾数据,50-150人,未融资,海淀区,运维工程师,3-5年,本科,10k-18k,六险一金；节日福利；朝九晚六；饭补交通补
北京金山云网络技术有限公司,金山云,500-2000人,D轮及以上,海淀区,网络运维工程师,3-5年,本科,20k-35k,"中国前三,七险一金,包三餐"
北京洛星智数技术有限公司,洛星智数,50-150人,未融资,西城区,数据平台运维工程师,3-5年,本科,10k-20k,"晋升空间,各种补助,带薪年假,生日礼金"
北京明略软件系统有限公司,明略数据,150-500人,C轮,海淀区,高级运维工程师,5-10年,本科,15k-26k,"运维,Hadoo,C轮融资,高成长公司"
泰达宏利基金管理有限公司,泰达宏利,50-150人,不需要融资,西城区,系统运维工程师,3-5年,本科,12k-18k,"五险一金,工作氛围好"
北京奇艺世纪科技有限公司,爱奇艺,2000人以上,上市公司,海淀区,影业-运维工程师,3-5年,本科,15k-30k,"晋升空间,学习机会,绩效奖金,年假12天"
包头市包银消费金融股份有限公司,包银消费金融,150-500人,不需要融资,朝阳区,大数据运维工程师J10075,3-5年,本科,20k-30k,"六险一金,带薪年假,定期团建,节日福利"
北京金山云网络技术有限公司,金山云,500-2000人,D轮及以上,海淀区,网络运维工程师,1-3年,本科,15K-30K,三餐，免费班车，节日福利
太原罗克佳华工业有限公司,罗克佳华,500-2000人,未融资,通州区,软件运维主管,5-10年,大专,9k-15k,"软件开发,需求分析,大数据,组织协调"
鑫泰智能汽车科技(天津)有限公司,车联网,150-500人,不需要融资,海淀区,大数据运维工程师,3-5年,本科,20k-30k,"16薪,环境好,领导好,有前景"
北京京东世纪贸易有限公司,京东集团,2000人以上,上市公司,通州区,IT运维工程师岗,不限,本科,10k-20k,"IT运维,内部系统"
北京奇艺世纪科技有限公司,爱奇艺,2000人以上,上市公司,海淀区,高级系统运维工程师,1-3年,本科,10k-20k,待遇优厚，发展前景广阔
北京搜狗科技发展有限公司,搜狗,2000人以上,上市公司,海淀区,技术工程部-高级应用运维工程师,3-5年,本科,15k-30k,"搜索,运维"
透彻影像(北京)科技有限公司,透彻影像,15-50人,A轮,海淀区,运维工程师,1-3年,本科,10k-15k,"人工智能,医疗,绩效激励"
北京源泓炜烨软件技术有限公司,源泓炜烨,15-50人,未融资,昌平区,运维工程师,应届毕业生,大专,4k-8k,"下班早,五险一金,办公环境佳,简单开放"
成都我来啦网格信息技术有限公司,中邮速递易,2000人以上,上市公司,海淀区,高级运维工程师,3-5年,本科,12k-15k,"五险一金,丰富福利,弹性工作,轻松氛围"
北京云中融信网络科技有限公司,融云,150-500人,B轮,朝阳区,运维工程师,3-5年,大专,16k-25k,公司氛围，福利待遇，晋升空间
北京数介科技有限公司,北京数介科技有限公司,50-150人,A轮,西城区,运维工程师,1-3年,本科,6k-10k,"工作轻松,福利待遇好,能学到知识"
北京嘀嘀无限科技发展有限公司,滴滴出行,2000人以上,不需要融资,海淀区,呼叫中心话务系统运维工程师(J181009008),3-5年,本科,20k-40k,广阔平台、急速成长、诱人福利
深圳市欣佳宏科技有限公司,欣佳宏科技,50-150人,不需要融资,海淀区,运维工程师,1-3年,本科,6K-8K,五险一金，法定节假日，提供住宿。
联想（北京）有限公司,联想集团,2000人以上,上市公司,海淀区,IT运维工程师（英文好）,1-3年,本科,9k-12k,上升空间大
北京华来荣信息技术有限公司,再来人,150-500人,A轮,海淀区,IT运维工程师,1-3年,本科,10k-15k,发展前景
星辰天合（北京）数据科技有限公司,XSKY,150-500人,C轮,海淀区,运维工程师,3-5年,大专,10k-15k,"扁平化管理,福利多多,晋升空间"
北京陌陌科技有限公司,陌陌,500-2000人,上市公司,朝阳区,系统运维工程师,1-3年,本科,15k-30k,竞争力薪酬、技术氛围好、上升空间大
中国科学院自动化研究所,中科院自动化所,500-2000人,未融资,海淀区,运维工程师,1-3年,本科,8k-15k,五险一金 年终奖 免费体检 工会福利
政府采购信息网,政府采购信息网,50-150人,不需要融资,丰台区,运维工程师,1-3年,大专,7k-14k,"五险一金,定期体检,节日福利,团队氛围"
北京瑞友科技股份有限公司,北京瑞友,2000人以上,上市公司,海淀区,运维工程师,1-3年,大专,7k-10k,外企、双休、五险一金、加班少
北京保利票务发展有限公司,北京,150-500人,未融资,东城区,高级运维工程师,5-10年,本科,15k-25k,"国企,福利好,领导好,发展空间大"
北京金山软件有限公司,金山办公软件,2000人以上,上市公司,海淀区,大数据运维工程师,1-3年,本科,15k-25k,"免费三餐,年终奖,免费健身房,年度旅游"
上海数据港股份有限公司,数据港,150-500人,不需要融资,丰台区,IT运维工程师,1-3年,本科,8k-12k,五险一金 上市公司
德讯科技股份有限公司,德讯,50-150人,未融资,西城区,运维工程师/系统工程师,1-3年,不限,6k-8k,"五险一金,员工体检,商业保险,绩效奖金"
环球合一网络技术（北京）股份有限公司,环球合一,150-500人,B轮,海淀区,高级运维工程师,3-5年,本科,15k-25k,"团队氛围好,补充保险,九险一金,学习型文化"
北京光宇在线科技有限责任公司,光宇游戏,2000人以上,上市公司,海淀区,系统运维工程师,应届毕业生,本科,7k-9k,"可转正,生日福利,免费住宿,免费晚餐"
北京会聚易捷信息技术有限公司,EventBank,50-150人,A轮,朝阳区,DevOps运维工程师、经理,5-10年,本科,20k-30k,五险一金、美资企业
北京世纪好未来教育科技有限公司,好未来,2000人以上,上市公司,海淀区,运维工程师,1-3年,本科,15k-25k,"五险一金,节日福利,免费晚餐,茶歇水果"
北京香侬慧语科技有限责任公司,香侬科技,50-150人,A轮,海淀区,运维工程师,3-5年,本科,15k-30k,"核心团队,免费双餐,五险一金,扁平管理"
广联达科技股份有限公司,广联达科技,500-2000人,上市公司,海淀区,高级业务运维工程师,3-5年,大专,25k-35k,"上市公司,六险一金,免费班车,免费饭补"
北京赫德阳数据通信科技有限公司,赫德阳,15-50人,A轮,西城区,大数据运维工程师,3-5年,大专,15k-20k,薪资待遇高，团队活跃，发展前景好
北京星环互娱科技有限公司,星环互娱,50-150人,天使轮,海淀区,运维工程师,1-3年,大专,7k-12k,"扁平化管理,氛围轻松,公司餐,带薪年假"
泸州温洁科技有限公司,温洁科技有限公司,50-150人,A轮,朝阳区,运维工程师,不限,大专,7k-14k,内部培训，绩效奖金多，定期团建，可实习
完美世界（北京）软件科技发展有限公司,完美世界,2000人以上,上市公司,朝阳区,游戏运维工程师(2458),1-3年,本科,10k-15k,"1,1"
深圳市众乐网视文化传播有限公司,众乐网视,150-500人,A轮,海淀区,资深互联网运维工程师,3-5年,本科,15k-30k,研发中心
北京慧点数码科技有限公司,慧点数码,50-150人,未融资,海淀区,it运维,1-3年,本科,5k-7k,社保
华风象辑（北京）气象科技有限公司,象辑科技,50-150人,B轮,海淀区,大数据运维工程师,3-5年,本科,15k-25k,"扁平化管理,13薪,福利好,晋升空间大"
鑫泰智能汽车科技(天津)有限公司,车联网,150-500人,不需要融资,东城区,DBA运维工程师,3-5年,本科,18k-30k,晋升空间大，办公环境好 ，领导NICE
纳米丽（北京）科技有限公司,纳米丽,50-150人,不需要融资,朝阳区,运维工程师,3-5年,大专,10k-20k,"带薪年假,五险一金,年底双薪"
北京每日优鲜便利购电子商务有限公司,每日优鲜便利购,2000人以上,B轮,朝阳区,大数据运维工程师,1-3年,本科,20k-40k,"六险一金,绩效奖金,技术大牛,领导好"
北京掌众金融信息服务有限公司,掌众金服,500-2000人,B轮,海淀区,大数据运维工程师,3-5年,本科,20k-40k,"14薪,七险一金,月度团建,独立办公楼"
北京链家房地产经纪有限公司立水桥北路店,链家,2000人以上,不需要融资,海淀区,大数据运维工程师,3-5年,本科,40k-80k,"Hadoo,数据开发,c++,Java"
高济（天津）投资有限公司,高济医疗,150-500人,不需要融资,东城区,运维工程师,3-5年,本科,12k-20k,"不打卡,平台好,领导好"
武汉昱然智能科技有限公司,昱然智能,15-50人,未融资,海淀区,自动化开发运维工程师,3-5年,本科,15k-25k,五险一金
